name,output_sequence,time
LUCIFERASE,AUGGAGGACGCGAAGAACAUCAAGAAGGGGCCCGCCCCCUUCUACCCCCUGGAGGACGGUACUGCCGGGGAGCAGCUGCAUAAGGCUAUGAAGCGUUAUGCGCUGGUCCCCGGCACUAUCGCCUUCACUGAUGCCCACAUCGAGGUGGACAUCACCUACGCCGAGUACUUCGAGAUGAGCGUGCGCCUGGCAGAGGCCAUGAAGAGGUACGGGCUGAACACUAAUCACCGCAUCGUGGUGUGUAGUGAGAACAGCCUGCAGUUCUUCAUGCCUGUGCUGGGCGCACUGUUCAUCGGCGUGGCUGUGGCCCCUGCUAACGACAUCUACAAUGAGCGGGAGCUGCUCAACAGCAUGGGCAUCUCCCAGCCCACUGUGGUGUUCGUUAGCAAGAAGGGGCUGCAGAAGAUCCUGAAUGUGCAGAAGAAGCUGCCCAUCAUUCAGAAGAUCAUCAUCAUGGACUCGAAGACCGACUACCAGGGCUUCCAGUCCAUGUACACCUUCGUGACCUCCCACUUGCCCCCCGGCUUUAAUGAGUAUGACUUUGUGCCGGAGAGUUUUGAUCGGGACAAGACCAUUGCCCUGAUCAUGAACUCCUCCGGCAGCACAGGGCUGCCCAAGGGGGUGGCCCUGCCUCACCGGACCGCUUGCGUGCGGUUCAGCCAUGCCCGCGACCCCAUCUUUGGGAACCAGAUCAUCCCAGACACCGCCAUCCUCUCCGUGGUCCCCUUCCACCACGGCUUCGGGAUGUUCACCACCCUCGGGUACCUGAUCUGUGGCUUCAGAGUGGUGCUGAUGUACCGCUUUGAGGAGGAGCUCUUCCUGAGGUCUCUGCAGGAUUACAAGAUCCAGAGUGCUCUGCUGGUGCCGACGCUGUUCAGCUUCUUCGCCAAGAGCACUCUGAUCGACAAGUACGAUCUGAGUAACCUGCACGAGAUCGCCUCAGGAGGAGCUCCUCUGAGCAAGGAGGUGGGUGAGGCCGUGGCCAAGCGGUUCCACCUGCCUGGAAUCCGCCAGGGCUACGGCCUCACCGAGACCACCUCCGCCAUCCUGAUCACACCCGAGGGUGAUGAUAAGCCCGGAGCCGUGGGGAAGGUGGUGCCCUUCUUUGAGGCCAAGGUGGUCGACCUGGACACCGGGAAGACCCUUGGCGUCAACCAGAGGGGCGAGCUGUGCGUGAGAGGCCCCAUGAUCAUGUCCGGGUACGUGAACAACCCGGAGGCAACCAACGCCUUGAUCGACAAGGACGGCUGGUUGCACUCCGGGGACAUCGCGUACUGGGACGAGGACGAGCACUUCUUCAUCGUGGACCGCCUGAAGUCCCUUAUUAAGUAUAAGGGAUAUCAGGUGGCUCCAGCCGAGCUGGAGUCUAUCCUGCUCCAGCACCCCAACAUCUUCGACGCCGGGGUGGCCGGCCUCCCCGACGACGACGCCGGGGAGCUGCCGGCCGCCGUGGUGGUGCUGGAGCACGGAAAGACCAUGACGGAGAAGGAGAUCGUCGAUUAUGUGGCCUCUCAGGUGACCACAGCUAAGAAGCUGCGGGGAGGGGUGGUGUUUGUGGAUGAGGUUCCCAAGGGGUUGACGGGCAAGCUGGACGCACGCAAGAUCCGGGAGAUACUCAUUAAGGCCAAGAAGGGGGGCAAGAUCGCCGUG,78.12847793200126
LUCIFERASE,AUGGAGGACGCCAAGAACAUCAAGAAGGGGCCCGCCCCCUUCUACCCUCUGGAGGACGGAACUGCAGGCGAGCAGCUGCACAAGGCCAUGAAGCGGUACGCCCUGGUGCCAGGCACCAUCGCCUUCACCGACGCUCACAUCGAGGUGGACAUCACCUACGCCGAGUACUUCGAGAUGAGCGUGCGGCUGGCCGAGGCCAUGAAGCGGUACGGCCUGAACACCAACCACCGCAUCGUGGUGUGCAGCGAGAACAGCCUGCAGUUCUUCAUGCCCGUGCUGGGCGCCCUGUUCAUUGGGGUGGCCGUGGCCCCCGCCAACGACAUCUACAAUGAGCGGGAGCUGCUGAACAGCAUGGGCAUCAGCCAGCCCACCGUGGUGUUCGUGUCUAAGAAGGGCCUGCAGAAGAUCCUGAAUGUGCAGAAGAAGCUGCCCAUCAUUCAGAAGAUCAUCAUCAUGGACUCUAAGACCGACUACCAGGGCUUCCAGAGCAUGUACACCUUCGUGACCUCCCACCUGCCCCCCGGCUUCAACGAGUACGACUUCGUGCCCGAGAGCUUUGAUCGGGACAAGACCAUCGCCCUGAUCAUGAACUCUUCCGGCAGCACCGGCCUGCCCAAGGGCGUGGCCCUGCCUCACCGGACCGCCUGCGUGAGGUUCAGCCACGCCCGGGACCCCAUCUUUGGCAACCAGAUCAUCCCAGACACCGCCAUCCUGAGCGUGGUGCCCUUCCACCACGGCUUCGGGAUGUUCACCACCCUGGGCUACCUGAUCUGCGGGUUCCGCGUGGUCCUGAUGUACAGGUUCGAGGAGGAGCUGUUCCUGCGGAGCCUGCAGGACUACAAGAUCCAGAGCGCCCUGCUGGUGCCCACCCUGUUUUCCUUCUUCGCCAAGUCCACCCUGAUCGACAAGUACGAUCUGAGCAAUCUGCACGAGAUUGCCUCAGGGGGCGCCCCCCUGAGCAAGGAGGUGGGCGAGGCCGUGGCCAAGCGGUUCCACCUGCCCGGAAUCCGCCAGGGCUACGGCCUGACCGAGACCACCUCCGCCAUCCUGAUCACCCCCGAGGGCGACGACAAGCCCGGGGCCGUGGGCAAGGUGGUGCCUUUCUUCGAGGCCAAGGUGGUGGACCUGGACACCGGGAAGACACUGGGCGUGAACCAGCGGGGCGAGCUGUGCGUGCGGGGCCCCAUGAUCAUGUCCGGGUACGUGAACAAUCCCGAGGCCACCAACGCCCUGAUCGACAAGGAUGGCUGGCUGCAUAGCGGGGACAUCGCCUACUGGGAUGAGGAUGAGCACUUCUUCAUCGUGGAUAGGCUGAAGUCCCUGAUCAAGUACAAGGGCUACCAGGUGGCCCCCGCCGAGCUGGAGUCCAUCCUGCUGCAGCACCCCAACAUCUUCGACGCCGGCGUGGCCGGGCUGCCCGACGACGACGCCGGGGAGCUGCCCGCCGCCGUGGUGGUGCUGGAGCACGGAAAGACCAUGACCGAGAAGGAGAUCGUGGACUAUGUGGCCAGCCAGGUGACCACCGCCAAGAAGCUGCGGGGCGGCGUGGUGUUUGUGGAUGAGGUGCCAAAGGGCCUGACCGGCAAGCUGGAUGCCCGGAAGAUCAGGGAGAUCCUGAUCAAGGCCAAGAAGGGGGGCAAGAUCGCCGUG,83.1670743149989
LUCIFERASE,AUGGAGGACGCCAAGAACAUCAAGAAGGGCCCCGCCCCCUUCUACCCCCUGGAGGACGGCACUGCCGGCGAGCAGCUGCACAAGGCCAUGAAGCGGUACGCCCUGGUGCCAGGCACCAUCGCCUUCACCGACGCUCACAUCGAGGUGGACAUCACCUACGCCGAGUACUUCGAGAUGAGCGUGCGGCUGGCCGAGGCCAUGAAGCGGUACGGCCUGAACACCAACCACCGCAUCGUGGUGUGCAGCGAGAACAGCCUGCAGUUCUUCAUGCCCGUGCUGGGCGCCCUGUUCAUUGGGGUGGCCGUGGCCCCCGCCAACGACAUCUACAAUGAGCGGGAGCUGCUGAACAGCAUGGGCAUCAGCCAGCCCACCGUGGUGUUCGUGUCCAAGAAGGGCCUGCAGAAGAUCCUGAAUGUGCAGAAGAAGCUGCCCAUCAUUCAGAAGAUCAUCAUCAUGGACUCCAAGACCGACUACCAGGGCUUCCAGUCCAUGUACACCUUCGUGACCAGCCACCUGCCCCCCGGCUUCAACGAGUACGACUUCGUGCCCGAGUCCUUCGACCGGGACAAGACCAUCGCCCUGAUCAUGAACAGCAGCGGCAGCACAGGCCUGCCCAAGGGCGUGGCCCUGCCUCACCGGACCGCCUGCGUGAGGUUCAGCCACGCCCGGGAUCCCAUCUUCGGCAACCAGAUCAUCCCCGACACCGCCAUCCUGAGCGUGGUGCCCUUCCACCACGGCUUCGGGAUGUUCACCACCCUGGGCUACCUGAUCUGCGGCUUCAGGGUGGUGCUGAUGUACCGGUUCGAGGAGGAGCUGUUCCUGCGGAGCCUGCAGGACUACAAGAUCCAGAGCGCCCUGCUGGUGCCCACCCUGUUCAGCUUCUUCGCCAAGUCCACCCUGAUCGACAAGUACGACCUGUCCAACCUGCACGAGAUCGCCAGCGGGGGCGCCCCCCUGAGCAAGGAGGUGGGCGAGGCCGUGGCCAAGCGGUUCCACCUGCCCGGAAUCCGCCAGGGCUACGGCCUGACCGAGACCACCUCCGCCAUCCUGAUCACCCCCGAGGGCGAUGACAAGCCCGGCGCCGUGGGCAAGGUGGUGCCCUUCUUCGAGGCCAAGGUGGUGGACCUGGACACCGGCAAGACCCUGGGCGUGAACCAGCGGGGCGAGCUGUGCGUGCGCGGCCCCAUGAUCAUGAGCGGCUACGUGAACAACCCCGAGGCCACCAACGCCCUGAUCGACAAGGACGGCUGGCUGCACAGCGGCGACAUCGCCUACUGGGACGAGGACGAGCACUUCUUCAUCGUGGACAGGCUGAAGAGCCUGAUCAAGUACAAGGGCUACCAGGUGGCCCCCGCCGAGCUGGAGUCCAUCCUGCUGCAGCACCCCAACAUCUUCGACGCCGGCGUGGCCGGCCUGCCCGACGACGACGCCGGCGAGCUGCCCGCCGCCGUGGUGGUGCUGGAGCACGGCAAGACCAUGACCGAGAAGGAGAUCGUGGACUACGUGGCCAGCCAGGUGACCACCGCCAAGAAGCUGCGGGGCGGCGUGGUGUUCGUGGACGAGGUGCCCAAGGGCCUGACCGGCAAGCUGGACGCCCGGAAGAUCAGGGAGAUCCUGAUCAAGGCCAAGAAGGGCGGCAAGAUUGCCGUG,70.18925525699888
EGFP,AUGGUGAGCAAGGGCGAGGAGCUGUUCACCGGGGUGGUGCCAAUCCUGGUGGAGCUGGAUGGGGACGUGAACGGGCACAAGUUUUCCGUGAGUGGCGAGGGCGAGGGCGACGCCACUUACGGAAAGCUGACCCUGAAGUUCAUCUGCACCACCGGCAAGCUGCCAGUGCCUUGGCCCACCCUGGUGACCACCCUGACCUACGGGGUGCAGUGCUUCAGCAGGUACCCCGACCACAUGAAGCAGCACGACUUCUUCAAGUCUGCCAUGCCCGAGGGGUACGUGCAGGAGCGCACCAUCUUCUUUAAGGACGAUGGCAAUUACAAGACCCGGGCCGAGGUGAAGUUCGAGGGCGACACCCUGGUGAACCGGAUCGAGCUGAAGGGCAUCGACUUUAAGGAGGAUGGCAACAUCCUGGGCCACAAGCUGGAGUACAACUACAACAGCCACAACGUGUACAUCAUGGCCGACAAGCAGAAGAACGGCAUCAAGGUGAAUUUCAAGAUUCGCCACAACAUCGAGGAUGGGAGUGUGCAGCUGGCCGACCACUACCAGCAGAACACUCCCAUCGGCGAUGGCCCAGUGCUGCUGCCCGACAAUCACUACCUGUCCACCCAGAGUGCCCUGAGCAAGGAUCCAAACGAGAAGCGGGACCACAUGGUCCUGCUGGAGUUUGUGACCGCCGCCGGGAUCACUCUGGGCAUGGACGAGCUGUACAAG,12.59805405500083
EGFP,AUGGUGUCCAAGGGCGAGGAGCUCUUCACAGGAGUCGUGCCCAUUCUGGUGGAGCUGGAUGGCGACGUGAACGGGCACAAGUUCUCCGUGAGCGGGGAGGGCGAGGGUGACGCCACGUACGGGAAGCUGACCCUGAAGUUCAUCUGUACUACAGGGAAGCUUCCCGUGCCGUGGCCCACCCUCGUCACUACCCUGACUUACGGAGUGCAGUGCUUCAGUCGCUAUCCAGACCACAUGAAGCAGCACGACUUCUUCAAGAGCGCCAUGCCCGAGGGAUACGUCCAGGAGCGGACCAUCUUCUUUAAGGACGAUGGCAAUUACAAGACCCGGGCCGAGGUGAAGUUCGAGGGCGACACCUUGGUGAACCGGAUCGAGCUGAAGGGCAUCGACUUUAAGGAGGAUGGUAACAUCCUGGGCCACAAGCUCGAGUACAACUACAACAGCCAUAAUGUGUACAUUAUGGCUGACAAGCAGAAGAACGGGAUCAAGGUGAAUUUCAAGAUUCGCCACAACAUCGAGGAUGGGAGUGUUCAGCUGGCAGACCACUACCAGCAGAACACUCCCAUCGGCGAUGGUCCCGUUCUUCUGCCAGAUAACCACUAUCUGUCCACCCAGAGUGCUCUCAGCAAGGAUCCGAACGAGAAGCGGGACCACAUGGUCCUGCUGGAGUUCGUGACCGCUGCUGGGAUCACUCUGGGCAUGGACGAGCUGUACAAG,12.710779016997549
EGFP,AUGGUGAGCAAGGGCGAGGAGCUGUUCACCGGCGUGGUGCCCAUCCUGGUGGAGCUGGACGGCGACGUGAACGGCCACAAGUUCAGCGUGUCCGGGGAGGGCGAGGGCGACGCCACCUACGGCAAGCUGACCCUGAAGUUCAUCUGCACCACAGGGAAGCUGCCCGUGCCCUGGCCCACCCUGGUGACCACCCUGACCUACGGGGUGCAGUGCUUCAGCCGGUACCCCGACCACAUGAAGCAGCACGACUUCUUCAAGAGCGCCAUGCCCGAGGGCUAUGUGCAGGAGCGGACCAUCUUCUUUAAGGACGAUGGCAAUUACAAGACCCGGGCCGAGGUGAAGUUCGAGGGCGACACCCUGGUGAACCGGAUCGAGCUGAAGGGCAUCGACUUUAAGGAGGAUGGCAACAUCCUGGGCCACAAGCUGGAGUACAACUACAACAGCCACAACGUGUACAUCAUGGCCGACAAGCAGAAGAACGGCAUCAAGGUGAACUUCAAGAUCCGGCACAACAUCGAGGAUGGGAGUGUGCAGCUGGCCGACCACUACCAGCAGAACACUCCCAUCGGCGAUGGCCCCGUGCUGCUGCCAGAUAACCACUAUCUGAGCACCCAGUCCGCCCUGAGCAAGGACCCUAACGAGAAGCGGGACCACAUGGUGCUGCUGGAGUUCGUGACCGCCGCCGGCAUCACCCUGGGCAUGGACGAGCUGUACAAG,12.375583845001529
EGFP,AUGGUGAGCAAGGGCGAGGAGCUGUUCACCGGCGUGGUGCCCAUCCUGGUGGAGCUGGACGGCGACGUGAACGGCCACAAGUUCAGCGUGUCCGGGGAGGGCGAGGGCGACGCCACCUACGGCAAGCUGACCCUGAAGUUCAUCUGCACCACAGGGAAGCUGCCCGUGCCCUGGCCCACCCUGGUGACCACCCUGACCUACGGGGUGCAGUGCUUCAGCCGGUACCCCGACCACAUGAAGCAGCACGACUUCUUCAAGAGCGCCAUGCCCGAGGGCUACGUGCAGGAGCGGACCAUCUUCUUUAAGGACGAUGGCAACUACAAGACCCGGGCCGAGGUGAAGUUCGAGGGCGACACCCUGGUGAACCGGAUCGAGCUGAAGGGCAUCGACUUUAAGGAGGAUGGCAACAUCCUGGGCCACAAGCUGGAGUACAACUACAACAGCCACAACGUGUACAUCAUGGCCGACAAGCAGAAGAACGGCAUCAAGGUGAACUUCAAGAUCAGGCACAACAUCGAGGACGGCAGCGUGCAGCUGGCCGACCACUACCAGCAGAACACCCCCAUCGGCGACGGCCCCGUGCUGCUGCCCGACAACCACUACCUGAGCACCCAGUCCGCCCUGAGCAAGGACCCUAACGAGAAGCGGGACCACAUGGUGCUGCUGGAGUUCGUGACCGCCGCCGGCAUCACCCUGGGCAUGGACGAGCUGUACAAG,12.512396632999298
LUCIFERASE,AUGGAGGACGCGAAGAACAUCAAGAAGGGGCCCGCCCCCUUCUACCCCCUGGAGGACGGUACUGCCGGGGAGCAGCUGCAUAAGGCUAUGAAGCGUUAUGCACUGGUCCCCGGCACUAUCGCCUUCACUGAUGCCCACAUCGAGGUGGACAUCACCUACGCCGAGUACUUCGAGAUGAGCGUGCGCCUGGCAGAGGCCAUGAAGAGGUACGGGCUGAACACUAAUCACCGCAUCGUGGUGUGUAGUGAGAACAGCCUGCAGUUCUUCAUGCCUGUGCUGGGCGCACUGUUCAUCGGCGUGGCUGUGGCCCCUGCUAACGACAUCUACAAUGAGCGGGAGCUGCUCAACAGCAUGGGCAUCUCCCAGCCCACUGUGGUGUUCGUUAGCAAGAAGGGGCUGCAGAAGAUCCUGAAUGUGCAGAAGAAGCUGCCCAUCAUUCAGAAGAUCAUCAUCAUGGACUCGAAGACCGACUACCAGGGCUUCCAGUCCAUGUACACCUUCGUGACCUCCCAUCUGCCCCCCGGCUUUAAUGAGUACGAUUUCGUGCCCGAGAGCUUCGAUCGGGACAAGACCAUUGCCCUGAUCAUGAACAGCUCUGGGAGCACAGGGCUGCCCAAGGGGGUGGCCCUGCCCCACCGCACAGCUUGCGUGCGCUUCAGUCACGCCCGGGAUCCCAUUUUCGGUAACCAGAUCAUCCCCGACACCGCCAUCCUGAGCGUGGUGCCCUUCCACCACGGCUUCGGGAUGUUCACCACCCUCGGGUACCUGAUCUGUGGCUUCAGAGUGGUGCUGAUGUACCGCUUUGAGGAGGAGCUCUUCCUGAGGUCUCUGCAGGAUUACAAGAUCCAGAGUGCUCUGCUGGUGCCCACGCUGUUCAGCUUCUUCGCCAAGAGCACUCUGAUCGACAAGUACGAUCUGAGUAACCUGCACGAGAUCGCCUCAGGAGGAGCUCCUCUGAGCAAGGAGGUGGGGGAGGCCGUGGCCAAGCGGUUCCACCUGCCUGGAAUCCGCCAGGGCUACGGCCUCACCGAGACCACCUCCGCCAUCCUGAUCACACCCGAGGGUGAUGAUAAGCCCGGAGCCGUGGGGAAGGUGGUGCCAUUCUUCGAGGCCAAGGUGGUGGAUCUGGAUACCGGAAAGACCCUGGGCGUGAACCAGCGCGGCGAGCUGUGCGUGCGGGGCCCCAUGAUCAUGUCCGGGUAUGUCAACAACCCUGAGGCCACCAACGCCCUCAUCGACAAGGACGGCUGGCUGCACAGCGGCGACAUCGCCUACUGGGACGAGGACGAGCACUUCUUUAUCGUGGACCGCCUGAAGUCCCUGAUCAAGUACAAGGGAUAUCAGGUGGCUCCAGCCGAGCUGGAGUCUAUCCUGCUCCAGCACCCCAACAUCUUCGACGCCGGGGUGGCCGGCCUCCCCGACGACGACGCCGGGGAGCUGCCGGCCGCCGUGGUGGUGCUGGAGCACGGAAAGACCAUGACAGAGAAGGAGAUCGUCGACUACGUCGCCAGUCAGGUGACCACCGCCAAGAAGCUGCGCGGCGGCGUCGUCUUUGUCGAUGAGGUGCCCAAGGGGCUGACAGGGAAGUUGGAUGCCCGGAAGAUCAGGGAGAUCCUCAUUAAGGCCAAGAAGGGGGGCAAGAUCGCCGUG,76.9283376850035
LUCIFERASE,AUGGAGGACGCCAAGAACAUCAAGAAGGGGCCCGCCCCCUUCUACCCUCUGGAGGACGGAACUGCAGGCGAGCAGCUGCACAAGGCCAUGAAGCGGUACGCCCUGGUGCCAGGCACCAUCGCCUUCACCGACGCUCACAUCGAGGUGGACAUCACCUACGCCGAGUACUUCGAGAUGAGCGUGCGGCUGGCCGAGGCCAUGAAGCGGUACGGCCUGAACACCAACCACCGCAUCGUGGUGUGCAGCGAGAACAGCCUGCAGUUCUUCAUGCCCGUGCUGGGCGCCCUGUUCAUUGGGGUGGCCGUGGCCCCCGCCAACGACAUCUACAAUGAGCGGGAGCUGCUGAACAGCAUGGGCAUCAGCCAGCCCACCGUGGUGUUCGUGUCUAAGAAGGGCCUGCAGAAGAUCCUGAAUGUGCAGAAGAAGCUGCCCAUCAUUCAGAAGAUCAUCAUCAUGGACUCUAAGACCGACUACCAGGGCUUCCAGAGCAUGUACACCUUCGUGACCUCCCACCUGCCCCCCGGCUUCAACGAGUACGACUUCGUGCCCGAGAGCUUUGAUCGGGACAAGACCAUCGCCCUGAUCAUGAACUCUUCCGGCAGCACCGGCCUGCCCAAGGGCGUGGCCCUGCCUCACCGGACCGCCUGCGUGAGGUUCAGCCACGCCCGGGACCCCAUCUUUGGCAACCAGAUCAUCCCAGACACCGCCAUCCUGAGCGUGGUGCCCUUCCACCACGGCUUCGGGAUGUUCACCACCCUGGGCUACCUGAUCUGCGGGUUCCGCGUGGUGCUGAUGUACAGGUUCGAGGAGGAGCUGUUCCUGCGGAGCCUGCAGGACUACAAGAUCCAGAGCGCCCUGCUGGUGCCCACCCUGUUUUCCUUCUUCGCCAAGUCCACCCUGAUCGACAAGUACGACCUGUCCAACCUGCACGAGAUCGCCAGCGGGGGCGCCCCCCUGAGCAAGGAGGUGGGGGAGGCCGUGGCCAAGCGGUUCCACCUGCCUGGCAUCAGGCAGGGGUACGGCCUGACCGAGACCACCUCCGCCAUCCUGAUCACCCCCGAGGGCGAUGACAAGCCCGGCGCCGUGGGCAAGGUGGUGCCCUUCUUCGAGGCCAAGGUGGUGGACCUGGACACCGGGAAGACACUGGGCGUGAACCAGCGGGGCGAGCUGUGCGUGCGGGGCCCCAUGAUCAUGUCCGGGUACGUGAACAAUCCCGAGGCCACCAACGCCCUGAUCGACAAGGAUGGCUGGCUGCAUAGCGGGGACAUCGCCUACUGGGAUGAGGACGAGCACUUCUUCAUCGUGGAUAGGCUGAAGUCCCUGAUCAAGUACAAGGGCUACCAGGUGGCCCCCGCCGAGCUGGAGUCCAUCCUGCUGCAGCACCCCAACAUCUUCGACGCCGGCGUGGCCGGGCUGCCCGACGACGACGCCGGGGAGCUGCCCGCCGCCGUGGUGGUGCUGGAGCACGGCAAGACCAUGACCGAGAAGGAGAUCGUGGACUAUGUGGCCAGCCAGGUGACCACCGCCAAGAAGCUGCGGGGCGGCGUGGUGUUUGUGGAUGAGGUGCCAAAGGGCCUGACCGGCAAGCUGGAUGCCCGGAAGAUCAGGGAGAUCCUGAUCAAGGCCAAGAAGGGGGGCAAGAUCGCCGUG,82.78903586099841
EGFP,AUGGUGAGCAAGGGGGAGGAGCUGUUCACCGGGGUGGUGCCAAUCCUGGUGGAGCUGGAUGGUGACGUGAACGGGCACAAGUUUUCCGUGAGUGGCGAGGGCGAGGGCGACGCCACUUACGGAAAGCUGACCCUGAAGUUCAUCUGCACCACCGGCAAGCUGCCAGUGCCUUGGCCCACCCUGGUGACCACCCUGACCUACGGGGUGCAGUGCUUCAGCAGGUACCCCGACCACAUGAAGCAGCACGACUUCUUCAAGUCUGCCAUGCCCGAGGGGUACGUGCAGGAGCGCACCAUCUUCUUUAAGGACGAUGGCAAUUACAAGACCCGGGCCGAGGUGAAGUUCGAGGGCGACACCUUGGUGAACCGGAUCGAGCUGAAGGGCAUCGACUUUAAGGAGGAUGGCAACAUCCUGGGCCACAAGCUGGAGUACAACUACAACAGCCAUAAUGUGUACAUUAUGGCUGACAAGCAGAAGAACGGCAUCAAGGUGAAUUUCAAGAUUCGCCACAACAUCGAGGAUGGGAGUGUUCAGCUGGCCGACCACUACCAGCAGAACACUCCCAUCGGCGAUGGCCCAGUGCUCCUCCCCGACAAUCACUAUCUGUCCACCCAGAGUGCCCUGAGCAAGGAUCCAAACGAGAAGCGGGACCACAUGGUCCUGCUGGAGUUUGUGACCGCUGCCGGGAUCACUCUGGGCAUGGACGAGCUGUACAAG,12.239736917999835
LUCIFERASE,AUGGAGGACGCGAAGAACAUCAAGAAGGGGCCCGCCCCCUUCUACCCCCUGGAGGACGGUACUGCCGGGGAGCAGCUGCAUAAGGCUAUGAAGCGUUAUGCACUGGUCCCCGGCACUAUCGCCUUCACUGAUGCCCACAUCGAGGUGGACAUCACCUACGCCGAGUACUUCGAGAUGAGCGUGCGCCUGGCAGAGGCCAUGAAGAGGUACGGGCUGAACACUAAUCACCGCAUCGUGGUGUGUAGUGAGAACAGCCUGCAGUUCUUCAUGCCUGUGCUGGGCGCACUGUUCAUCGGCGUGGCUGUGGCCCCUGCUAACGACAUCUACAAUGAGCGGGAGCUGCUCAACAGCAUGGGCAUCUCCCAGCCCACUGUGGUGUUCGUUAGCAAGAAGGGGCUGCAGAAGAUCCUGAAUGUGCAGAAGAAGCUGCCCAUCAUUCAGAAGAUCAUCAUCAUGGACUCGAAGACCGACUACCAGGGCUUCCAGUCCAUGUACACCUUCGUGACCUCCCAUCUGCCCCCCGGCUUUAAUGAGUACGAUUUCGUGCCCGAGAGCUUCGAUCGGGACAAGACCAUUGCCCUGAUCAUGAACAGCUCUGGGAGCACAGGGCUGCCCAAGGGGGUGGCCCUGCCCCACCGCACAGCUUGCGUGCGCUUCAGUCACGCCCGGGAUCCCAUUUUCGGUAACCAGAUCAUCCCCGACACCGCCAUCCUGAGCGUGGUGCCCUUCCACCACGGCUUCGGGAUGUUCACCACCCUCGGGUACCUGAUCUGUGGCUUCAGAGUGGUGCUGAUGUACCGCUUUGAGGAGGAGCUCUUCCUGAGGUCUCUGCAGGAUUACAAGAUCCAGAGUGCUCUGCUGGUGCCCACGCUGUUCAGCUUCUUCGCCAAGAGCACUCUGAUCGACAAGUACGAUCUGAGUAACCUGCACGAGAUCGCCUCAGGAGGAGCUCCUCUGAGCAAGGAGGUGGGGGAGGCCGUGGCCAAGCGGUUCCACCUGCCUGGAAUCCGCCAGGGCUACGGCCUCACCGAGACCACCUCCGCCAUCCUGAUCACACCCGAGGGUGAUGAUAAGCCCGGAGCCGUGGGGAAGGUGGUGCCAUUCUUCGAGGCCAAGGUGGUGGAUCUGGAUACCGGAAAGACCCUGGGCGUGAACCAGCGCGGCGAGCUGUGCGUGCGGGGCCCCAUGAUCAUGUCCGGGUAUGUCAACAACCCUGAGGCCACCAACGCCCUCAUCGACAAGGACGGCUGGCUGCACAGCGGCGACAUCGCCUACUGGGACGAGGACGAGCACUUCUUCAUCGUGGACCGCCUGAAGUCCCUGAUCAAGUACAAGGGAUAUCAGGUGGCUCCAGCCGAGCUGGAGUCUAUCCUGCUCCAGCACCCCAACAUCUUCGACGCCGGGGUGGCCGGCCUCCCCGACGACGACGCCGGGGAGCUGCCGGCCGCCGUGGUGGUGCUGGAGCACGGAAAGACCAUGACCGAGAAGGAGAUCGUCGACUACGUCGCCAGUCAGGUGACCACCGCCAAGAAGCUGCGCGGCGGCGUCGUCUUUGUCGAUGAGGUGCCCAAGGGGCUGACAGGGAAGUUGGAUGCCCGGAAGAUCAGGGAGAUCCUCAUUAAGGCCAAGAAGGGGGGCAAGAUCGCCGUG,79.16218644699984
LUCIFERASE,AUGGAGGACGCCAAGAACAUCAAGAAGGGGCCCGCCCCCUUCUACCCCCUGGAGGACGGCACCGCCGGCGAGCAGCUGCACAAGGCCAUGAAGCGGUACGCCCUGGUGCCAGGCACCAUCGCCUUCACCGACGCUCACAUCGAGGUGGACAUCACCUACGCCGAGUACUUCGAGAUGAGCGUGCGGCUGGCCGAGGCCAUGAAGCGGUACGGCCUGAACACCAACCACCGCAUCGUGGUGUGCAGCGAGAACUCCCUGCAGUUCUUCAUGCCCGUGCUGGGCGCCCUGUUCAUUGGGGUGGCCGUGGCCCCCGCCAACGACAUCUACAAUGAGCGGGAGCUGCUGAACAGCAUGGGCAUCAGCCAGCCCACCGUGGUGUUCGUGUCCAAGAAGGGGCUGCAGAAGAUCCUGAAUGUGCAGAAGAAGCUGCCCAUCAUUCAGAAGAUCAUCAUCAUGGACUCCAAGACCGACUACCAGGGCUUCCAGUCCAUGUACACCUUCGUGACCUCCCACCUGCCCCCCGGCUUCAACGAGUACGACUUCGUGCCCGAGAGCUUUGAUCGGGACAAGACCAUCGCCCUGAUCAUGAACUCUUCCGGCAGCACCGGCCUGCCCAAGGGCGUGGCCCUGCCUCACCGGACCGCCUGCGUGAGGUUCAGCCACGCCCGGGACCCCAUCUUUGGCAACCAGAUCAUCCCAGACACCGCCAUCCUGAGCGUGGUGCCCUUCCACCACGGCUUCGGGAUGUUCACCACCCUGGGCUACCUGAUCUGCGGGUUCCGCGUGGUGCUGAUGUACAGGUUCGAGGAGGAGCUGUUCCUGCGGAGCCUGCAGGACUACAAGAUCCAGAGCGCCCUGCUGGUGCCCACCCUGUUUUCCUUCUUCGCCAAGUCCACCCUGAUCGACAAGUACGACCUGUCCAACCUGCACGAGAUCGCCAGCGGGGGCGCCCCCCUGAGCAAGGAGGUGGGGGAGGCCGUGGCCAAGCGGUUCCACCUGCCUGGCAUCAGGCAGGGGUACGGCCUGACCGAGACCACCUCCGCCAUCCUGAUCACCCCCGAGGGCGAUGACAAGCCCGGCGCCGUGGGCAAGGUGGUGCCCUUCUUCGAGGCCAAGGUGGUGGACCUGGACACCGGGAAGACACUGGGCGUGAACCAGCGGGGCGAGCUGUGCGUGCGGGGCCCCAUGAUCAUGUCCGGGUACGUGAACAAUCCCGAGGCCACCAACGCCCUGAUCGACAAGGAUGGCUGGCUGCAUAGCGGGGACAUCGCCUACUGGGAUGAGGACGAGCACUUCUUCAUCGUGGAUAGGCUGAAGUCCCUGAUCAAGUACAAGGGCUACCAGGUGGCCCCCGCCGAGCUGGAGUCCAUCCUGCUGCAGCACCCCAACAUCUUCGACGCCGGCGUGGCCGGGCUGCCCGACGACGACGCCGGGGAGCUGCCCGCCGCCGUGGUGGUGCUGGAGCACGGCAAGACCAUGACCGAGAAGGAGAUCGUGGACUAUGUGGCCAGCCAGGUGACCACCGCCAAGAAGCUGCGGGGCGGCGUGGUGUUUGUGGAUGAGGUGCCAAAGGGCCUGACCGGCAAGCUGGAUGCCCGGAAGAUCAGGGAGAUCCUGAUCAAGGCCAAGAAGGGGGGCAAGAUCGCCGUG,79.530616025997
EGFP,AUGGUGAGCAAGGGCGAGGAGCUGUUCACCGGCGUGGUGCCCAUCCUGGUGGAGCUGGACGGCGACGUGAACGGCCACAAGUUCAGCGUGUCCGGGGAGGGCGAGGGCGACGCCACCUACGGCAAGCUGACCCUGAAGUUCAUCUGCACCACAGGGAAGCUGCCCGUGCCCUGGCCCACCCUGGUGACCACCCUGACCUACGGGGUGCAGUGCUUCAGCCGGUACCCCGACCACAUGAAGCAGCACGACUUCUUCAAGAGCGCCAUGCCCGAGGGCUACGUGCAGGAGCGGACCAUCUUCUUUAAGGACGAUGGCAAUUACAAGACCCGGGCCGAGGUGAAGUUCGAGGGCGACACCCUGGUGAACCGGAUCGAGCUGAAGGGCAUCGACUUUAAGGAGGAUGGCAACAUCCUGGGCCACAAGCUGGAGUACAACUACAACAGCCACAACGUGUACAUCAUGGCCGACAAGCAGAAGAACGGCAUCAAGGUGAACUUCAAGAUCCGGCACAACAUCGAGGAUGGGAGUGUGCAGCUGGCCGACCACUACCAGCAGAACACUCCCAUCGGCGAUGGCCCCGUGCUGCUGCCAGAUAACCACUAUCUGAGCACCCAGUCCGCCCUGAGCAAGGACCCUAACGAGAAGCGGGACCACAUGGUGCUGCUGGAGUUCGUGACCGCCGCCGGCAUCACCCUGGGCAUGGACGAGCUGUACAAG,12.404318016000616
EGFP,AUGGUGAGCAAGGGCGAGGAGCUGUUCACCGGGGUGGUGCCCAUCCUGGUGGAGCUGGACGGCGAUGUGAAUGGCCACAAGUUCAGCGUGAGCGGGGAGGGCGAGGGCGACGCCACCUACGGCAAGCUGACCCUGAAGUUCAUCUGCACCACAGGGAAGCUGCCCGUGCCCUGGCCCACCCUGGUGACCACCCUGACCUACGGGGUGCAGUGCUUCAGCAGGUACCCCGACCACAUGAAGCAGCACGACUUCUUCAAGUCUGCCAUGCCCGAGGGGUACGUGCAGGAGCGCACCAUCUUCUUUAAGGACGAUGGCAAUUACAAGACCCGGGCCGAGGUGAAGUUCGAGGGCGACACCCUGGUGAACCGGAUCGAGCUGAAGGGCAUCGACUUUAAGGAGGAUGGCAACAUCCUGGGCCACAAGCUGGAGUACAACUACAACAGCCACAACGUGUACAUCAUGGCCGACAAGCAGAAGAACGGCAUCAAGGUGAAUUUCAAGAUUCGCCACAACAUCGAGGAUGGGAGUGUGCAGCUGGCCGACCACUACCAGCAGAACACUCCCAUCGGCGAUGGCCCAGUGCUGCUGCCCGACAAUCACUACCUGUCCACCCAGAGUGCCCUGAGCAAGGAUCCAAACGAGAAGCGGGACCACAUGGUGCUGCUGGAGUUUGUGACCGCCGCCGGGAUCACUCUGGGCAUGGACGAGCUGUACAAG,12.749310341998353
EGFP,AUGGUCAGCAAGGGGGAGGAGCUGUUCACCGGUGUUGUGCCGAUCUUGGUUGAGCUUGAUGGCGACGUGAACGGCCAUAAGUUCAGCGUGAGUGGCGAGGGUGAGGGCGACGCCACGUACGGGAAGCUUACCCUGAAGUUCAUCUGUACUACAGGGAAGCUUCCCGUGCCGUGGCCCACCCUCGUCACCACGCUGACUUAUGGCGUUCAGUGCUUCAGCAGGUACCCCGACCACAUGAAGCAGCACGACUUUUUUAAGUCGGCCAUGCCGGAGGGGUACGUGCAGGAGCGCACCAUCUUCUUUAAAGACGAUGGCAACUAUAAGACUCGAGCCGAGGUCAAGUUCGAGGGGGACACCCUCGUGAAUCGGAUCGAGCUUAAGGGCAUCGACUUUAAAGAAGAUGGUAAUAUACUCGGGCACAAGCUCGAGUAUAACUACAACAGCCAUAAUGUGUACAUUAUGGCUGACAAGCAGAAGAACGGCAUCAAGGUCAACUUCAAGAUCCGGCACAACAUCGAGGACGGCUCCGUCCAACUUGCUGACCAUUACCAGCAGAACACGCCCAUCGGCGAUGGGCCUGUUCUGCUGCCCGACAACCACUACUUGUCCACCCAGAGUGCUCUCAGCAAGGAUCCGAACGAAAAGCGGGACCACAUGGUCCUGCUUGAGUUCGUGACCGCUGCUGGGAUCACUCUGGGCAUGGACGAGUUGUACAAG,12.871926445997815
EGFP,AUGGUGAGCAAGGGCGAGGAGCUGUUCACCGGGGUGGUGCCAAUCCUGGUGGAGCUGGAUGGGGACGUGAACGGGCACAAGUUUUCCGUGAGUGGCGAGGGCGAGGGCGACGCCACUUACGGAAAGCUGACCCUGAAGUUCAUCUGCACCACCGGCAAGCUGCCAGUGCCUUGGCCCACCCUGGUGACCACCCUGACCUACGGGGUGCAGUGCUUCAGCAGGUACCCCGACCACAUGAAGCAGCACGACUUCUUCAAGUCUGCCAUGCCCGAGGGGUACGUGCAGGAGCGCACCAUCUUCUUUAAGGACGAUGGCAAUUACAAGACCCGGGCCGAGGUGAAGUUCGAGGGCGACACCCUGGUGAACCGGAUCGAGCUGAAGGGCAUCGACUUUAAGGAGGAUGGCAACAUCCUGGGCCACAAGCUGGAGUACAACUACAACAGCCAUAAUGUGUACAUUAUGGCUGACAAGCAGAAGAACGGCAUCAAGGUGAAUUUCAAGAUUCGCCACAACAUCGAGGAUGGGAGUGUGCAGCUGGCCGACCACUACCAGCAGAACACUCCCAUCGGCGAUGGCCCAGUGCUCCUGCCCGACAAUCACUACCUGUCCACCCAGAGUGCCCUGAGCAAGGAUCCAAACGAGAAGCGGGACCACAUGGUCCUGCUGGAGUUUGUGACCGCCGCCGGGAUCACUCUGGGCAUGGACGAGCUGUACAAG,12.792373522999696
EGFP,AUGGUGAGCAAGGGCGAGGAGCUGUUCACCGGGGUGGUGCCAAUCCUGGUGGAGCUGGAUGGGGACGUGAACGGGCACAAGUUUUCCGUGAGUGGCGAGGGCGAGGGCGACGCCACUUACGGAAAGCUGACCCUGAAGUUCAUCUGCACCACCGGCAAGCUGCCAGUGCCUUGGCCCACCCUGGUGACCACCCUGACCUACGGGGUGCAGUGCUUCAGCAGGUACCCCGACCACAUGAAGCAGCACGACUUCUUCAAGUCUGCCAUGCCCGAGGGGUACGUGCAGGAGCGCACCAUCUUCUUUAAGGACGAUGGCAAUUACAAGACCCGGGCCGAGGUGAAGUUCGAGGGCGACACCCUGGUGAACCGGAUCGAGCUGAAGGGCAUCGACUUUAAGGAGGAUGGCAACAUCCUGGGCCACAAGCUGGAGUACAACUACAACAGCCAUAAUGUGUACAUUAUGGCUGACAAGCAGAAGAACGGCAUCAAGGUGAAUUUCAAGAUUCGCCACAACAUCGAGGAUGGGAGUGUGCAGCUGGCCGACCACUACCAGCAGAACACUCCCAUCGGCGAUGGCCCAGUGCUCCUGCCCGACAAUCACUACCUGUCCACCCAGAGUGCCCUGAGCAAGGAUCCAAACGAGAAGCGGGACCACAUGGUCCUGCUGGAGUUUGUGACCGCCGCCGGGAUCACUCUGGGCAUGGACGAGCUGUACAAG,12.681088432000251
LUCIFERASE,AUGGAGGAUGCCAAGAACAUCAAGAAGGGGCCCGCCCCCUUCUAUCCUCUGGAGGACGGCACAGCCGGGGAGCAGCUGCACAAGGCCAUGAAGAGGUACGCUCUGGUGCCCGGCACCAUCGCCUUCACAGACGCCCACAUUGAGGUGGACAUCACCUAUGCUGAGUACUUCGAGAUGAGCGUGCGCCUGGCAGAGGCCAUGAAGAGGUACGGGCUGAACACUAAUCACCGCAUCGUGGUGUGUAGUGAGAACAGCCUGCAGUUCUUCAUGCCUGUGCUGGGCGCACUGUUCAUCGGAGUGGCAGUGGCUCCCGCCAAUGACAUCUACAAUGAGCGGGAGCUGCUGAACAGCAUGGGGAUCUCCCAGCCCACUGUGGUGUUUGUGAGCAAGAAGGGCCUGCAGAAGAUCCUGAAUGUGCAGAAGAAGCUGCCCAUCAUUCAGAAGAUCAUCAUCAUGGAUAGCAAGACCGACUACCAGGGCUUCCAGAGCAUGUACACCUUCGUGACCUCCCACCUGCCCCCCGGCUUCAACGAGUACGACUUCGUGCCCGAGAGCUUUGAUCGGGACAAGACCAUCGCCCUGAUCAUGAACAGCUCCGGCUCUACCGGUCUGCCCAAGGGCGUGGCCCUGCCUCACCGCACAGCUUGCGUGCGCUUCAGUCACGCCCGGGAUCCCAUUUUCGGUAACCAGAUCAUCCCCGACACCGCCAUCCUGAGCGUGGUGCCCUUCCACCACGGCUUCGGGAUGUUCACCACCCUCGGGUACCUGAUCUGUGGCUUCAGAGUGGUGCUGAUGUACCGCUUUGAGGAGGAGCUCUUCCUGAGGUCUCUGCAGGAUUACAAGAUCCAGAGUGCUCUGCUGGUGCCCACCCUGUUCAGCUUCUUCGCCAAGAGCACUCUGAUCGACAAGUACGAUCUGAGUAACCUGCACGAGAUCGCCUCAGGAGGAGCUCCUCUGAGCAAGGAGGUGGGGGAGGCCGUGGCCAAGCGGUUCCACCUGCCUGGAAUCCGCCAGGGCUACGGCCUCACCGAGACCACCUCCGCCAUCCUGAUCACACCCGAGGGUGAUGAUAAGCCCGGAGCCGUGGGGAAGGUGGUGCCAUUCUUCGAGGCCAAGGUGGUGGAUCUGGAUACCGGAAAGACCCUGGGCGUGAACCAGCGCGGCGAGCUGUGCGUGAGGGGGCCAAUGAUCAUGAGUGGCUACGUGAACAAUCCCGAGGCCACCAAUGCCCUCAUCGACAAGGACGGCUGGCUGCACAGCGGCGACAUCGCCUACUGGGACGAGGACGAGCACUUCUUCAUCGUGGACCGCCUGAAGUCCCUGAUCAAGUACAAGGGAUAUCAGGUGGCUCCAGCCGAGCUGGAGUCUAUCCUGCUCCAGCACCCCAACAUCUUCGACGCCGGGGUGGCUGGCCUCCCCGACGACGACGCCGGGGAGCUGCCAGCCGCCGUGGUGGUGCUGGAGCACGGAAAGACCAUGACCGAGAAGGAGAUCGUCGACUACGUCGCCAGUCAGGUGACCACCGCCAAGAAGCUGCGCGGCGGCGUCGUCUUUGUCGAUGAGGUGCCCAAGGGCCUGACCGGUAAGCUGGACGCCCGCAAGAUCAGGGAGAUCCUGAUCAAGGCUAAGAAGGGCGGGAAGAUCGCCGUC,78.6396321459979
LUCIFERASE,AUGGAGGACGCCAAGAACAUCAAGAAGGGGCCCGCCCCCUUCUACCCCCUGGAGGACGGCACCGCCGGCGAGCAGCUGCACAAGGCCAUGAAGCGGUACGCCCUGGUGCCAGGCACCAUCGCCUUCACCGACGCUCACAUCGAGGUGGACAUCACCUACGCCGAGUACUUCGAGAUGAGCGUGCGGCUGGCCGAGGCCAUGAAGCGGUACGGCCUGAACACCAACCACCGCAUCGUGGUGUGCAGCGAGAACUCCCUGCAGUUCUUCAUGCCCGUGCUGGGCGCCCUGUUCAUUGGGGUGGCCGUGGCCCCCGCCAACGACAUCUACAAUGAGCGGGAGCUGCUGAACAGCAUGGGCAUCAGCCAGCCCACCGUGGUGUUCGUGUCCAAGAAGGGGCUGCAGAAGAUCCUGAAUGUGCAGAAGAAGCUGCCCAUCAUUCAGAAGAUCAUCAUCAUGGACUCCAAGACCGACUACCAGGGCUUCCAGUCCAUGUACACCUUCGUGACCUCCCACCUGCCCCCCGGCUUCAACGAGUACGACUUCGUGCCCGAGAGCUUUGAUCGGGACAAGACCAUCGCCCUGAUCAUGAACUCUUCCGGCAGCACCGGCCUGCCCAAGGGCGUGGCCCUGCCUCACCGGACCGCCUGCGUGAGGUUCAGCCACGCCCGGGACCCCAUCUUUGGCAACCAGAUCAUCCCAGACACCGCCAUCCUGAGCGUGGUGCCCUUCCACCACGGCUUCGGGAUGUUCACCACCCUGGGCUACCUGAUCUGCGGGUUCCGCGUGGUGCUGAUGUACAGGUUCGAGGAGGAGCUGUUCCUGCGGAGCCUGCAGGACUACAAGAUCCAGAGCGCCCUGCUGGUGCCCACCCUGUUUUCCUUCUUCGCCAAGUCCACCCUGAUCGACAAGUACGACCUGUCCAACCUGCACGAGAUCGCCAGCGGGGGCGCCCCCCUGAGCAAGGAGGUGGGCGAGGCCGUGGCCAAGCGGUUCCACCUGCCCGGAAUCCGCCAGGGCUACGGCCUGACCGAGACCACCUCCGCCAUCCUGAUCACCCCCGAGGGCGAUGACAAGCCCGGCGCCGUGGGCAAGGUGGUGCCCUUCUUCGAGGCCAAGGUGGUGGACCUGGACACCGGGAAGACACUGGGCGUGAACCAGCGGGGCGAGCUGUGCGUGCGGGGCCCCAUGAUCAUGUCCGGGUACGUGAACAAUCCCGAGGCCACCAACGCCCUGAUCGACAAGGAUGGCUGGCUGCAUAGCGGGGACAUCGCCUACUGGGAUGAGGACGAGCACUUCUUCAUCGUGGAUAGGCUGAAGUCCCUGAUCAAGUACAAGGGCUACCAGGUGGCCCCCGCCGAGCUGGAGUCCAUCCUGCUGCAGCACCCCAACAUCUUCGACGCCGGCGUGGCCGGGCUGCCCGACGACGACGCCGGGGAGCUGCCCGCCGCCGUGGUGGUGCUGGAGCACGGCAAGACCAUGACCGAGAAGGAGAUCGUGGACUAUGUGGCCAGCCAGGUGACCACCGCCAAGAAGCUGCGGGGCGGCGUGGUGUUUGUGGAUGAGGUGCCAAAGGGCCUGACCGGCAAGCUGGAUGCCCGGAAGAUCAGGGAGAUCCUGAUCAAGGCCAAGAAGGGGGGCAAGAUCGCCGUG,80.11908213900097
LUCIFERASE,AUGGAGGACGCAAAGAAUAUCAAGAAGGGCCCCGCGCCCUUCUACCCCCUGGAGGACGGUACUGCCGGGGAGCAGCUGCAUAAGGCUAUGAAGCGUUAUGCGCUGGUCCCCGGCACUAUCGCCUUCACGGACGCUCAUAUCGAAGUAGACAUCACCUAUGCUGAGUACUUCGAGAUGAGCGUCCGUCUCGCUGAGGCCAUGAAGCGGUACGGUUUGAACACAAACCACCGCAUCGUGGUCUGCAGCGAGAAUUCUUUGCAGUUCUUCAUGCCUGUUCUGGGAGCCCUGUUUAUCGGUGUUGCUGUCGCACCUGCUAAUGAUAUCUACAAUGAGCGGGAGCUUCUGAACAGCAUGGGGAUCUCGCAGCCCACUGUUGUUUUCGUGAGCAAGAAGGGGCUGCAGAAGAUCCUCAAUGUUCAGAAGAAGCUCCCGAUCAUUCAGAAGAUCAUUAUCAUGGACAGCAAGACCGAUUAUCAGGGCUUCCAGAGCAUGUACACCUUCGUGACUUCCCACCUGCCUCCUGGCUUUAAUGAGUAUGACUUCGUCCCGGAGAGUUUUGAUCGGGACAAGACCAUUGCCCUGAUCAUGAACUCUUCGGGAUCGACAGGGCUGCCCAAGGGGGUAGCCCUGCCUCACCGGACUGCGUGCGUCCGGUUUUCCCAUGCCCGGGACCCCAUCUUCGGAAACCAGAUCAUCCCGGACACAGCCAUCCUGUCGGUGGUGCCGUUCCACCAUGGCUUCGGGAUGUUCACGACACUCGGAUACCUGAUCUGUGGGUUCCGUGUGGUCCUGAUGUACAGGUUCGAGGAGGAACUGUUCCUCCGGAGCCUGCAGGACUACAAGAUACAGAGCGCCCUGCUGGUUCCCACCCUGUUUUCCUUCUUUGCCAAGUCCACCCUUAUCGACAAGUACGACUUGUCGAAUCUCCACGAGAUCGCCUCGGGAGGGGCACCACUUUCCAAGGAGGUCGGUGAGGCCGUGGCCAAGCGGUUCCACCUGCCGGGGAUCCGCCAGGGCUACGGCCUCACCGAGACCACGAGCGCCAUCCUUAUCACCCCCGAGGGGGAUGAUAAGCCUGGCGCCGUGGGGAAAGUGGUGCCCUUCUUCGAGGCGAAAGUGGUGGACUUGGACACAGGGAAGACACUGGGUGUGAACCAGCGGGGCGAGCUCUGUGUCCGGGGCCCAAUGAUCAUGUCCGGGUACGUGAACAAUCCCGAAGCCACGAACGCACUCAUCGACAAGGAUGGCUGGCUUCAUAGCGGUGACAUCGCCUACUGGGACGAGGACGAGCACUUCUUCAUCGUGGACCGCCUGAAGUCCCUUAUUAAGUAUAAGGGAUAUCAGGUGGCUCCAGCCGAGCUGGAGUCUAUCCUGCUCCAGCACCCCAACAUCUUCGACGCCGGGGUGGCGGGGCUCCCCGACGACGACGCCGGGGAGCUCCCCGCCGCGGUGGUGGUGCUGGAGCACGGAAAGACCAUGACGGAGAAGGAGAUCGUCGACUACGUCGCCAGUCAGGUGACCACCGCUAAGAAGCUCCGGGGUGGUGUGGUUUUCGUGGAUGAGGUCCCCAAGGGGCUGACGGGAAAGCUGGACGCACGCAAGAUCCGGGAGAUACUCAUUAAAGCCAAGAAGGGUGGGAAGAUCGCGGUG,79.59393085600095
EGFP,AUGGUGAGCAAGGGCGAGGAGCUGUUCACCGGCGUGGUGCCCAUCCUGGUGGAGCUGGACGGCGACGUGAACGGCCACAAGUUCAGCGUGUCCGGGGAGGGCGAGGGCGACGCCACCUACGGCAAGCUGACCCUGAAGUUCAUCUGCACCACAGGGAAGCUGCCCGUGCCCUGGCCCACCCUGGUGACCACCCUGACCUACGGGGUGCAGUGCUUCAGCCGGUACCCCGACCACAUGAAGCAGCACGACUUCUUCAAGAGCGCCAUGCCCGAGGGCUACGUGCAGGAGCGGACCAUCUUCUUUAAGGACGAUGGCAAUUACAAGACCCGGGCCGAGGUGAAGUUCGAGGGCGACACCCUGGUGAACCGGAUCGAGCUGAAGGGCAUCGACUUUAAGGAGGAUGGCAACAUCCUGGGGCACAAGCUGGAGUACAACUACAACAGCCACAACGUGUACAUCAUGGCCGACAAGCAGAAGAACGGCAUCAAGGUGAACUUCAAGAUCAGGCACAACAUCGAGGACGGCAGCGUGCAGCUGGCCGACCACUACCAGCAGAACACCCCCAUCGGCGACGGCCCCGUGCUGCUGCCCGACAACCACUACCUGAGCACCCAGUCCGCCCUGAGCAAGGACCCUAACGAGAAGCGGGACCACAUGGUGCUGCUGGAGUUCGUGACCGCCGCCGGCAUCACCCUGGGCAUGGACGAGCUGUACAAG,12.48020696200183
LUCIFERASE,AUGGAGGAUGCCAAGAACAUCAAGAAGGGGCCCGCCCCCUUCUAUCCUCUGGAGGACGGCACAGCCGGGGAGCAGCUGCACAAGGCCAUGAAGAGGUACGCUCUGGUGCCCGGCACCAUCGCCUUCACAGACGCCCACAUUGAGGUGGACAUCACCUAUGCUGAGUACUUCGAGAUGAGCGUGCGCCUGGCAGAGGCCAUGAAGAGGUACGGGCUGAACACUAAUCACCGCAUCGUGGUGUGUAGUGAGAACAGCCUGCAGUUCUUCAUGCCUGUGCUGGGCGCACUGUUCAUCGGAGUGGCAGUGGCUCCCGCCAAUGACAUCUACAAUGAGCGGGAGCUGCUGAACAGCAUGGGGAUCUCCCAGCCCACUGUGGUGUUUGUGAGCAAGAAGGGCCUGCAGAAGAUCCUGAAUGUGCAGAAGAAGCUGCCCAUCAUUCAGAAGAUCAUCAUCAUGGAUAGCAAGACCGACUACCAGGGCUUCCAGAGCAUGUACACCUUCGUGACCUCCCACCUGCCCCCCGGCUUCAACGAGUACGACUUCGUGCCCGAGAGCUUUGAUCGGGACAAGACCAUCGCCCUGAUCAUGAACAGCUCCGGCUCCACCGGUCUGCCCAAGGGCGUGGCCCUGCCCCACCGCACAGCUUGCGUGCGCUUCAGUCACGCCCGGGAUCCCAUUUUCGGUAACCAGAUCAUCCCCGACACCGCCAUCCUGAGCGUGGUGCCCUUCCACCACGGCUUCGGGAUGUUCACCACCCUCGGGUACCUGAUCUGUGGCUUCAGAGUGGUGCUGAUGUACCGCUUUGAGGAGGAGCUCUUCCUGAGGUCUCUGCAGGAUUACAAGAUCCAGAGUGCUCUGCUGGUGCCCACCCUGUUCAGCUUCUUCGCCAAGAGCACUCUGAUCGACAAGUACGAUCUGAGUAACCUGCACGAGAUCGCCUCAGGAGGAGCUCCUCUGAGCAAGGAGGUGGGGGAGGCCGUGGCCAAGCGGUUCCACCUGCCUGGAAUCCGCCAGGGCUACGGCCUCACCGAGACCACCUCCGCCAUCCUGAUCACACCCGAGGGGGACGACAAGCCCGGAGCCGUGGGGAAGGUGGUGCCAUUCUUCGAGGCCAAGGUGGUGGAUCUGGAUACCGGAAAGACCCUGGGCGUGAACCAGCGCGGCGAGCUGUGCGUGCGGGGCCCCAUGAUCAUGUCCGGGUAUGUGAACAACCCAGAGGCCACCAACGCCCUGAUCGACAAGGACGGGUGGCUGCACUCUGGGGACAUCGCAUACUGGGACGAGGACGAGCACUUCUUCAUCGUGGACCGCCUGAAGUCCCUGAUCAAGUACAAGGGAUAUCAGGUGGCUCCAGCCGAGCUGGAGUCUAUCCUGCUCCAGCACCCCAACAUCUUCGACGCCGGGGUGGCUGGCCUCCCCGACGACGACGCCGGGGAGCUGCCAGCCGCCGUGGUGGUGCUGGAGCACGGAAAGACCAUGACCGAGAAGGAGAUCGUGGACUACGUGGCCUCUCAGGUGACCACCGCCAAGAAGCUGAGAGGCGGCGUGGUCUUCGUGGACGAGGUGCCCAAGGGCCUGACCGGGAAGCUGGACGCCCGCAAGAUCAGGGAGAUCCUGAUCAAGGCUAAGAAGGGCGGGAAGAUCGCCGUC,81.6892034679986
LUCIFERASE,AUGGAGGACGCCAAGAACAUCAAGAAGGGGCCCGCCCCCUUCUACCCCCUGGAGGACGGCACCGCCGGCGAGCAGCUGCACAAGGCCAUGAAGCGGUACGCCCUGGUGCCAGGCACCAUCGCCUUCACCGACGCUCACAUCGAGGUGGACAUCACCUACGCCGAGUACUUCGAGAUGAGCGUGCGGCUGGCCGAGGCCAUGAAGCGGUACGGCCUGAACACCAACCACCGCAUCGUGGUGUGCAGCGAGAACUCCCUGCAGUUCUUCAUGCCCGUGCUGGGCGCCCUGUUCAUUGGGGUGGCCGUGGCCCCCGCCAACGACAUCUACAAUGAGCGGGAGCUGCUGAACAGCAUGGGCAUCAGCCAGCCCACCGUGGUGUUCGUGUCCAAGAAGGGGCUGCAGAAGAUCCUGAAUGUGCAGAAGAAGCUGCCCAUCAUUCAGAAGAUCAUCAUCAUGGACUCCAAGACCGACUACCAGGGCUUCCAGUCCAUGUACACCUUCGUGACCUCCCACCUGCCCCCCGGCUUCAACGAGUACGACUUCGUGCCCGAGAGCUUUGAUCGGGACAAGACCAUCGCCCUGAUCAUGAACUCUUCCGGCAGCACCGGCCUGCCCAAGGGCGUGGCCCUGCCUCACCGGACCGCCUGCGUGAGGUUCAGCCACGCCCGGGACCCCAUCUUUGGCAACCAGAUCAUCCCCGACACCGCCAUCCUGAGCGUGGUGCCCUUCCACCACGGCUUCGGGAUGUUCACCACCCUGGGCUACCUGAUCUGCGGGUUCCGCGUGGUGCUGAUGUACAGGUUCGAGGAGGAGCUGUUCCUGCGGAGCCUGCAGGACUACAAGAUCCAGAGCGCCCUGCUGGUGCCCACCCUGUUUUCCUUCUUCGCCAAGUCCACCCUGAUCGACAAGUACGACCUGUCCAACCUGCACGAGAUCGCCAGCGGGGGCGCCCCCCUGAGCAAGGAGGUGGGCGAGGCCGUGGCCAAGCGGUUCCACCUGCCCGGAAUCCGCCAGGGCUACGGCCUGACCGAGACCACCUCCGCCAUCCUGAUCACCCCCGAGGGCGAUGACAAGCCCGGCGCCGUGGGCAAGGUGGUGCCCUUCUUCGAGGCCAAGGUGGUGGACCUGGACACCGGGAAGACACUGGGCGUGAACCAGCGGGGCGAGCUGUGCGUGCGGGGCCCCAUGAUCAUGUCCGGGUACGUGAACAAUCCCGAGGCCACCAACGCCCUGAUCGACAAGGAUGGCUGGCUGCAUAGCGGGGACAUCGCCUACUGGGAUGAGGACGAGCACUUCUUCAUCGUGGAUAGGCUGAAGUCCCUGAUCAAGUACAAGGGCUACCAGGUGGCCCCCGCCGAGCUGGAGUCCAUCCUGCUGCAGCACCCCAACAUCUUCGACGCCGGCGUGGCCGGGCUGCCCGACGACGACGCCGGGGAGCUGCCCGCCGCCGUGGUGGUGCUGGAGCACGGCAAGACCAUGACCGAGAAGGAGAUCGUGGACUAUGUGGCCAGCCAGGUGACCACCGCCAAGAAGCUGCGGGGCGGCGUGGUGUUCGUGGAUGAGGUGCCAAAGGGCCUGACCGGCAAGCUGGAUGCCCGGAAGAUCAGGGAGAUCCUGAUCAAGGCCAAGAAGGGGGGCAAGAUCGCCGUG,84.02545522000219
EGFP,AUGGUCAGCAAGGGGGAGGAGCUGUUCACCGGUGUUGUGCCGAUCUUGGUUGAGCUUGAUGGCGACGUGAACGGCCAUAAGUUCAGCGUGAGUGGCGAGGGUGAGGGCGACGCGACGUACGGGAAGCUUACCCUGAAGUUCAUCUGUACUACAGGGAAGCUUCCCGUGCCGUGGCCCACCCUCGUCACCACGCUGACUUAUGGCGUUCAGUGCUUCAGCAGGUACCCCGACCACAUGAAGCAGCACGACUUUUUUAAGUCGGCCAUGCCGGAGGGGUACGUGCAGGAGCGCACCAUCUUCUUUAAAGACGAUGGCAACUAUAAGACUCGAGCGGAGGUCAAGUUCGAGGGGGACACCCUCGUGAACCGCAUCGAGCUUAAGGGCAUCGACUUUAAAGAAGAUGGUAAUAUACUCGGGCACAAGCUCGAGUAUAACUACAACAGCCAUAAUGUGUACAUUAUGGCUGACAAGCAGAAGAACGGCAUCAAGGUCAACUUCAAGAUUCGGCACAACAUCGAGGACGGCUCCGUCCAACUUGCUGACCAUUACCAGCAGAACACGCCCAUCGGGGAUGGGCCUGUUCUGCUGCCGGACAACCACUACUUGUCCACCCAGAGUGCCCUGUCGAAGGAUCCGAACGAAAAGCGGGACCACAUGGUCCUGCUUGAGUUCGUGACCGCGGCAGGGAUCACUCUGGGUAUGGACGAGUUGUACAAG,12.809013435999077
EGFP,AUGGUGUCCAAGGGAGAGGAGCUGUUCACCGGGGUGGUGCCCAUUCUGGUGGAGCUGGAUGGCGACGUGAACGGGCACAAGUUCUCCGUGAGCGGGGAGGGCGAGGGUGACGCCACGUACGGGAAGCUUACCCUGAAGUUCAUCUGUACUACAGGGAAGCUUCCCGUGCCGUGGCCCACCCUCGUCACUACCCUGACUUACGGAGUGCAGUGCUUCAGUCGCUAUCCAGACCACAUGAAGCAGCACGACUUCUUCAAAUCCGCCAUGCCCGAGGGCUACGUCCAGGAGAGGACCAUCUUCUUCAAGGACGAUGGCAACUACAAGACUCGGGCAGAGGUGAAGUUUGAGGGAGACACCCUGGUGAACAGGAUUGAGUUGAAGGGUAUUGAUUUCAAGGAGGACGGGAACAUCCUCGGCCACAAGCUGGAGUAUAAUUACAACAGCCACAACGUCUAUAUUAUGGCGGAUAAGCAGAAGAAUGGCAUCAAGGUCAACUUCAAGAUCCGCCAUAAUAUAGAGGAUGGGAGUGUUCAGCUGGCAGACCACUACCAGCAGAACACUCCCAUCGGGGAUGGGCCCGUCCUCCUGCCUGACAAUCAUUACCUUUCAACUCAGUCCGCCCUCUCCAAGGACCCCAACGAGAAGCGGGACCACAUGGUCCUGCUGGAGUUCGUCACUGCCGCAGGGAUCACCCUGGGCAUGGACGAGCUCUACAAG,12.579975884997111
LUCIFERASE,AUGGAGGAUGCUAAGAACAUCAAGAAGGGGCCGGCGCCAUUUUACCCCUUGGAGGACGGUACUGCCGGGGAGCAGCUGCAUAAGGCUAUGAAGCGUUAUGCGCUGGUCCCCGGCACUAUCGCCUUCACGGACGCUCAUAUCGAAGUAGACAUCACGUAUGCUGAGUACUUCGAGAUGAGCGUCCGUCUCGCUGAGGCCAUGAAGCGGUACGGUUUGAACACAAACCACCGCAUCGUGGUCUGCAGCGAGAACAGUCUUCAGUUCUUUAUGCCGGUGCUCGGCGCCCUGUUCAUCGGGGUCGCCGUAGCACCGGCAAAUGAUAUUUAUAAUGAGCGGGAGCUUCUUAACAGCAUGGGGAUCUCGCAGCCCACUGUUGUUUUCGUGAGCAAGAAGGGGCUGCAGAAGAUCCUCAAUGUGCAGAAGAAGCUCCCGAUCAUUCAGAAGAUCAUUAUAAUGGACUCGAAGACUGAUUAUCAGGGAUUUCAGUCGAUGUACACGUUCGUCACUAGUCAUCUCCCUCCGGGGUUCAAUGAGUAUGACUUCGUGCCGGAGUCGUUUGACCGUGACAAGACCAUAGCCCUGAUCAUGAAUUCCUCGGGAUCGACAGGAUUGCCGAAGGGGGUGGCGUUGCCGCAUCGGACCGCGUGCGUGCGAUUCUCGCACGCACGCGAUCCGAUCUUCGGCAACCAGAUCAUCCCCGACACGGCAAUCCUGUCGGUGGUGCCGUUUCACCACGGCUUCGGCAUGUUCACCACCCUAGGCUAUCUCAUCUGCGGGUUCCGGGUCGUGCUUAUGUAUCGGUUCGAGGAAGAGCUCUUCCUCCGCUCUUUGCAAGAUUACAAGAUACAGUCGGCACUGCUUGUGCCGACUCUGUUUAGUUUUUUUGCAAAGAGCACGCUGAUAGAUAAGUACGACCUGUCGAACCUGCAUGAGAUAGCCUCGGGUGGUGCACCUCUGUCGAAAGAGGUGGGCGAAGCCGUGGCGAAGCGGUUCCACCUCCCGGGAAUUCGUCAGGGCUAUGGUCUCACGGAGACGACUUCGGCCAUACUCAUAACCCCGGAGGGAGAUGACAAGCCUGGGGCCGUGGGCAAGGUAGUUCCCUUCUUUGAGGCCAAGGUCGUUGACCUGGACACAGGCAAGACCUUGGGCGUGAAUCAGAGAGGGGAGCUAUGUGUCCGCGGCCCCAUGAUCAUGUCCGGGUACGUGAACAACCCCGAGGCAACCAACGCCUUGAUCGACAAGGACGGUUGGUUGCACUCGGGGGACAUCGCGUACUGGGACGAGGACGAGCACUUCUUCAUUGUAGAUCGACUGAAGUCCCUGAUAAAGUACAAGGGGUACCAAGUGGCGCCGGCCGAGCUUGAGAGCAUCCUCCUGCAGCAUCCCAACAUCUUCGACGCCGGGGUCGCGGGUCUCCCGGAUGAUGACGCGGGCGAGCUUCCCGCGGCCGUGGUCGUCCUGGAGCACGGCAAGACCAUGACCGAGAAGGAGAUCGUGGACUAUGUCGCGUCCCAGGUGACCACGGCCAAGAAGCUCCGUGGGGGCGUCGUCUUCGUGGACGAGGUCCCCAAGGGGCUUACCGGGAAGCUCGACGCGCGCAAGAUCCGGGAGAUCCUGAUCAAGGCGAAGAAGGGUGGGAAGAUUGCUGUA,80.29455817499911
LUCIFERASE,AUGGAGGACGCAAAGAAUAUCAAGAAGGGGCCCGCCCCCUUCUACCCCCUGGAGGACGGUACUGCCGGGGAGCAGCUGCAUAAGGCUAUGAAGCGUUAUGCGCUGGUCCCCGGCACUAUCGCCUUCACGGACGCUCAUAUCGAGGUGGACAUCACCUAUGCUGAGUACUUCGAGAUGAGCGUCCGUCUCGCUGAGGCCAUGAAGCGGUACGGUUUGAACACAAACCACCGCAUCGUGGUCUGCAGCGAGAAUUCUUUGCAGUUCUUCAUGCCUGUUCUGGGAGCCCUGUUUAUCGGUGUUGCUGUCGCACCUGCUAAUGAUAUCUACAAUGAGCGGGAGCUUCUGAACAGCAUGGGGAUCUCGCAGCCCACUGUUGUUUUCGUGAGCAAGAAGGGGCUGCAGAAGAUCCUCAAUGUGCAGAAGAAGCUCCCGAUCAUUCAGAAGAUCAUUAUCAUGGACAGCAAGACCGAUUAUCAGGGCUUCCAGAGCAUGUACACCUUCGUGACUUCCCACCUGCCUCCUGGCUUUAAUGAGUAUGACUUCGUGCCGGAGAGUUUUGAUCGGGACAAGACCAUUGCCCUGAUCAUGAACUCCUCCGGCUCGACAGGGCUGCCCAAGGGGGUGGCCCUGCCUCACCGGACUGCGUGCGUCCGGUUCAGUCACGCCCGGGACCCCAUCUUCGGAAACCAGAUCAUCCCGGACACAGCCAUCCUGUCGGUGGUGCCGUUCCACCAUGGCUUCGGGAUGUUCACGACCCUGGGCUACCUGAUCUGUGGGUUCCGCGUGGUCCUGAUGUACAGGUUCGAGGAGGAGCUGUUCCUCCGGAGCCUGCAGGACUACAAGAUACAGAGCGCCCUGCUGGUUCCCACCCUGUUUUCCUUCUUUGCCAAGUCCACCCUGAUCGACAAGUACGACUUGUCGAAUCUCCACGAGAUCGCCUCGGGAGGGGCACCACUUUCCAAGGAGGUCGGUGAGGCCGUGGCCAAGCGGUUCCACCUGCCGGGGAUCCGCCAGGGCUACGGCCUCACCGAGACCACGAGCGCCAUCCUUAUCACCCCCGAGGGGGAUGAUAAGCCUGGCGCCGUGGGGAAGGUGGUGCCCUUCUUCGAGGCGAAGGUGGUGGACUUGGACACAGGGAAGACACUGGGUGUGAACCAGCGGGGCGAGCUGUGUGUGCGGGGCCCAAUGAUCAUGUCCGGGUACGUGAACAAUCCCGAGGCCACGAACGCACUCAUCGACAAGGAUGGCUGGCUUCAUAGCGGUGACAUCGCCUACUGGGACGAGGACGAGCACUUCUUCAUCGUGGACCGCCUGAAGUCCCUUAUUAAGUAUAAGGGAUAUCAGGUGGCUCCAGCCGAGCUGGAGUCUAUCCUGCUCCAGCACCCCAACAUCUUCGACGCCGGGGUGGCCGGCCUCCCCGACGACGACGCCGGGGAGCUGCCGGCCGCCGUGGUGGUGCUGGAGCACGGAAAGACCAUGACGGAGAAGGAGAUCGUCGACUACGUCGCCAGUCAGGUGACCACCGCUAAGAAGCUCCGGGGUGGUGUGGUUUUCGUGGAUGAGGUCCCCAAGGGCCUGACUGGCAAGCUGGACGCACGCAAGAUCCGGGAGAUACUCAUUAAGGCCAAGAAGGGUGGGAAGAUCGCGGUG,78.92355431599935
EGFP,AUGGUGAGCAAGGGCGAGGAGCUGUUCACCGGCGUGGUGCCCAUCCUGGUGGAGCUGGACGGCGACGUGAACGGCCACAAGUUCAGCGUGUCCGGGGAGGGCGAGGGCGACGCCACCUACGGCAAGCUGACCCUGAAGUUCAUCUGCACCACAGGGAAGCUGCCCGUGCCCUGGCCCACCCUGGUGACCACCCUGACCUACGGGGUGCAGUGCUUCAGCCGGUACCCCGACCACAUGAAGCAGCACGACUUCUUCAAGAGCGCCAUGCCCGAGGGCUACGUGCAGGAGCGGACCAUCUUCUUUAAGGACGAUGGCAACUACAAGACCCGGGCCGAGGUGAAGUUCGAGGGCGACACCCUGGUGAACCGGAUCGAGCUGAAGGGCAUCGACUUUAAGGAGGAUGGCAACAUCCUGGGGCACAAGCUGGAGUACAACUACAACAGCCACAACGUGUACAUCAUGGCCGACAAGCAGAAGAACGGCAUCAAGGUGAACUUCAAGAUCAGGCACAACAUCGAGGACGGCAGCGUGCAGCUGGCCGACCACUACCAGCAGAACACCCCCAUCGGCGACGGCCCCGUGCUGCUGCCCGACAACCACUACCUGAGCACCCAGUCCGCCCUGAGCAAGGACCCUAACGAGAAGCGGGACCACAUGGUGCUGCUGGAGUUCGUGACCGCCGCCGGCAUCACCCUGGGCAUGGACGAGCUGUACAAG,13.012554379001813
LUCIFERASE,AUGGAGGAUGCCAAGAACAUCAAGAAGGGGCCCGCCCCCUUCUACCCCCUGGAGGAUGGCACCGCCGGGGAGCAGCUGCACAAGGCCAUGAAGAGGUACGCUCUGGUGCCCGGCACCAUCGCCUUCACCGAUGCCCACAUCGAGGUGGACAUCACCUACGCCGAGUACUUCGAGAUGAGCGUGCGCCUGGCAGAGGCCAUGAAGAGGUACGGGCUGAACACUAAUCACCGCAUCGUGGUGUGUAGUGAGAACAGCCUGCAGUUCUUCAUGCCUGUGCUGGGCGCACUGUUCAUCGGCGUGGCAGUGGCUCCCGCCAAUGACAUCUACAAUGAGCGGGAGCUGCUGAACAGCAUGGGCAUCAGCCAGCCCACCGUGGUGUUCGUGUCUAAGAAGGGCCUGCAGAAGAUCCUGAAUGUGCAGAAGAAGCUGCCCAUCAUUCAGAAGAUCAUCAUCAUGGACUCUAAGACCGACUACCAGGGCUUCCAGAGCAUGUACACCUUCGUGACCUCCCACCUGCCCCCCGGCUUCAACGAGUACGACUUCGUGCCCGAGAGCUUUGAUCGGGACAAGACCAUCGCCCUGAUCAUGAACAGCUCCGGCUCCACCGGUCUGCCCAAGGGCGUGGCCCUGCCCCACCGCACAGCUUGCGUGCGCUUCUCUCACGCCCGGGAUCCCAUUUUCGGUAACCAGAUCAUCCCCGACACCGCCAUCCUGAGCGUGGUGCCCUUCCACCACGGCUUCGGGAUGUUCACCACCCUCGGGUACCUGAUCUGUGGCUUCAGAGUGGUGCUGAUGUACCGCUUUGAGGAGGAGCUCUUCCUGAGGUCUCUGCAGGAUUACAAGAUCCAGAGUGCUCUGCUGGUGCCCACCCUGUUCAGCUUCUUCGCCAAGAGCACUCUGAUCGACAAGUACGAUCUGAGUAACCUGCACGAGAUCGCCUCAGGAGGAGCUCCUCUGAGCAAGGAGGUGGGGGAGGCCGUGGCCAAGCGGUUCCACCUGCCUGGAAUCCGCCAGGGCUACGGCCUCACCGAGACCACCUCCGCCAUCCUGAUCACACCCGAGGGGGACGACAAGCCCGGAGCCGUGGGGAAGGUGGUGCCAUUCUUCGAGGCCAAGGUGGUGGAUCUGGAUACCGGAAAGACCCUGGGCGUGAACCAGCGCGGCGAGCUGUGCGUGCGGGGCCCCAUGAUCAUGUCCGGGUAUGUGAACAACCCAGAGGCCACCAACGCCCUGAUCGACAAGGACGGGUGGCUGCACUCUGGGGACAUCGCAUACUGGGACGAGGACGAGCACUUCUUCAUCGUGGACCGCCUGAAGUCCCUGAUCAAGUACAAGGGAUAUCAGGUGGCUCCAGCCGAGCUGGAGUCUAUCCUGCUCCAGCACCCCAACAUCUUCGACGCCGGGGUGGCUGGCCUCCCCGACGACGACGCCGGGGAGCUGCCAGCCGCCGUGGUGGUGCUGGAGCACGGAAAGACCAUGACCGAGAAGGAGAUCGUGGACUACGUGGCCUCUCAGGUGACCACCGCCAAGAAGCUGAGAGGCGGCGUGGUCUUCGUGGACGAGGUGCCCAAGGGCCUGACCGGGAAGCUGGACGCCCGCAAGAUCAGGGAGAUCCUGAUCAAGGCUAAGAAGGGCGGGAAGAUCGCCGUG,81.83152673900258
LUCIFERASE,AUGGAGGACGCCAAGAACAUCAAGAAGGGGCCCGCCCCCUUCUACCCCCUGGAGGACGGCACCGCCGGCGAGCAGCUGCACAAGGCCAUGAAGCGGUACGCCCUGGUGCCAGGCACCAUCGCCUUCACCGACGCUCACAUCGAGGUGGACAUCACCUACGCCGAGUACUUCGAGAUGAGCGUGCGGCUGGCCGAGGCCAUGAAGCGGUACGGCCUGAACACCAACCACCGCAUCGUGGUGUGCAGCGAGAACUCCCUGCAGUUCUUCAUGCCCGUGCUGGGCGCCCUGUUCAUUGGGGUGGCCGUGGCCCCCGCCAACGACAUCUACAAUGAGCGGGAGCUGCUGAACAGCAUGGGCAUCAGCCAGCCCACCGUGGUGUUCGUGUCCAAGAAGGGGCUGCAGAAGAUCCUGAAUGUGCAGAAGAAGCUGCCCAUCAUUCAGAAGAUCAUCAUCAUGGACUCCAAGACCGACUACCAGGGCUUCCAGUCCAUGUACACCUUCGUGACCUCCCACCUGCCCCCCGGCUUCAACGAGUACGACUUCGUGCCCGAGAGCUUUGAUCGGGACAAGACCAUCGCCCUGAUCAUGAACAGCUCCGGCAGCACCGGCCUGCCCAAGGGCGUGGCCCUGCCUCACCGGACCGCCUGCGUGAGGUUCAGCCACGCCCGGGACCCCAUCUUUGGCAACCAGAUCAUCCCCGACACCGCCAUCCUGAGCGUGGUGCCCUUCCACCACGGCUUCGGGAUGUUCACCACCCUGGGCUACCUGAUCUGCGGGUUCCGCGUGGUGCUGAUGUACAGGUUCGAGGAGGAGCUGUUCCUGCGGAGCCUGCAGGACUACAAGAUCCAGAGCGCCCUGCUGGUGCCCACCCUGUUUUCCUUCUUCGCCAAGUCCACCCUGAUCGACAAGUACGACCUGUCCAACCUGCACGAGAUCGCCAGCGGGGGCGCCCCCCUGAGCAAGGAGGUGGGCGAGGCCGUGGCCAAGCGGUUCCACCUGCCCGGAAUCCGCCAGGGCUACGGCCUGACCGAGACCACCUCCGCCAUCCUGAUCACCCCCGAGGGCGAUGACAAGCCCGGCGCCGUGGGCAAGGUGGUGCCCUUCUUCGAGGCCAAGGUGGUGGACCUGGACACCGGGAAGACACUGGGCGUGAACCAGCGGGGCGAGCUGUGCGUGCGGGGCCCCAUGAUCAUGUCCGGGUACGUGAACAAUCCCGAGGCCACCAACGCCCUGAUCGACAAGGAUGGCUGGCUGCAUAGCGGGGACAUCGCCUACUGGGAUGAGGACGAGCACUUCUUCAUCGUGGAUAGGCUGAAGUCCCUGAUCAAGUACAAGGGCUACCAGGUGGCCCCCGCCGAGCUGGAGUCCAUCCUGCUGCAGCACCCCAACAUCUUCGACGCCGGCGUGGCCGGCCUGCCCGACGACGACGCCGGCGAGCUGCCCGCCGCCGUGGUGGUGCUGGAGCACGGCAAGACCAUGACCGAGAAGGAGAUCGUGGACUAUGUGGCCAGCCAGGUGACCACCGCCAAGAAGCUGCGGGGCGGCGUGGUGUUCGUGGAUGAGGUGCCAAAGGGCCUGACCGGCAAGCUGGAUGCCCGGAAGAUCAGGGAGAUCCUGAUCAAGGCCAAGAAGGGGGGCAAGAUCGCCGUG,83.10573245299747
EGFP,AUGGUGAGCAAGGGCGAGGAGCUGUUCACCGGGGUGGUGCCAAUCCUGGUGGAGCUGGAUGGGGACGUGAACGGGCACAAGUUUUCCGUGAGUGGCGAGGGCGAGGGCGACGCCACUUACGGAAAGCUGACCCUGAAGUUCAUCUGCACCACCGGCAAGCUGCCAGUGCCUUGGCCCACCCUGGUGACCACCCUGACCUACGGGGUGCAGUGCUUCAGCAGGUACCCCGACCACAUGAAGCAGCACGACUUCUUCAAGUCUGCCAUGCCCGAGGGGUACGUGCAGGAGCGCACCAUCUUCUUUAAGGACGAUGGCAAUUACAAGACCCGGGCCGAGGUGAAGUUCGAGGGCGACACCCUGGUGAACCGGAUCGAGCUGAAGGGCAUCGACUUUAAGGAGGAUGGCAACAUCCUGGGCCACAAGCUGGAGUACAACUACAACAGCCACAACGUGUACAUCAUGGCCGACAAGCAGAAGAACGGCAUCAAGGUGAAUUUCAAGAUUCGCCACAACAUCGAGGAUGGGAGUGUGCAGCUGGCCGACCACUACCAGCAGAACACUCCCAUCGGCGAUGGCCCAGUGCUCCUGCCCGACAAUCACUACCUGUCCACCCAGAGUGCCCUGAGCAAGGAUCCAAACGAGAAGCGGGACCACAUGGUCCUGCUGGAGUUUGUGACCGCCGCCGGGAUCACUCUGGGCAUGGACGAGCUGUACAAG,12.400972518000344
EGFP,AUGGUGAGCAAGGGGGAGGAGCUGUUCACCGGGGUGGUGCCAAUCCUGGUGGAGCUGGAUGGUGACGUGAACGGGCACAAGUUUUCCGUGAGUGGCGAGGGCGAGGGCGACGCCACUUACGGAAAGCUGACCCUGAAGUUCAUCUGCACCACCGGCAAGCUGCCAGUGCCUUGGCCCACCCUGGUGACCACCCUGACCUACGGGGUGCAGUGCUUCAGCAGGUACCCCGACCACAUGAAGCAGCACGACUUCUUCAAGUCUGCCAUGCCCGAGGGGUACGUGCAGGAGCGCACCAUCUUCUUUAAGGACGAUGGCAAUUACAAGACCCGGGCCGAGGUGAAGUUCGAGGGCGACACCUUGGUGAACCGGAUCGAGCUGAAGGGCAUCGACUUUAAGGAGGAUGGCAACAUCCUGGGCCACAAGCUGGAGUACAACUACAACAGCCAUAAUGUGUACAUUAUGGCUGACAAGCAGAAGAACGGCAUCAAGGUGAAUUUCAAGAUUCGCCACAACAUCGAGGAUGGGAGUGUUCAGCUGGCCGACCACUACCAGCAGAACACUCCCAUCGGCGAUGGCCCAGUGCUCCUCCCCGACAAUCACUACCUGUCCACCCAGAGUGCCCUGAGCAAGGAUCCAAACGAGAAGCGGGACCACAUGGUCCUGCUGGAGUUUGUGACCGCCGCCGGGAUCACUCUGGGCAUGGACGAGCUGUACAAG,12.375603373999184
EGFP,AUGGUGAGCAAGGGCGAGGAGCUGUUCACCGGGGUGGUGCCCAUCCUGGUGGAGCUGGACGGCGAUGUGAAUGGCCACAAGUUCAGCGUGAGCGGGGAGGGCGAGGGCGACGCCACCUACGGCAAGCUGACCCUGAAGUUCAUCUGCACCACAGGGAAGCUGCCCGUGCCCUGGCCCACCCUGGUGACCACCCUGACCUACGGGGUGCAGUGCUUCAGCAGGUACCCCGACCACAUGAAGCAGCACGACUUCUUCAAGUCUGCCAUGCCCGAGGGGUACGUGCAGGAGCGCACCAUCUUCUUUAAGGACGAUGGCAAUUACAAGACCCGGGCCGAGGUGAAGUUCGAGGGCGACACCCUGGUGAACCGGAUCGAGCUGAAGGGCAUCGACUUUAAGGAGGAUGGCAACAUCCUGGGCCACAAGCUGGAGUACAACUACAACAGCCACAACGUGUACAUCAUGGCCGACAAGCAGAAGAACGGCAUCAAGGUGAACUUCAAGAUCCGGCACAACAUCGAGGAUGGGAGUGUGCAGCUGGCCGACCACUACCAGCAGAACACUCCCAUCGGCGAUGGCCCAGUGCUGCUGCCCGACAAUCACUACCUGUCCACCCAGAGUGCCCUGAGCAAGGAUCCAAACGAGAAGCGGGACCACAUGGUGCUGCUGGAGUUUGUGACCGCCGCCGGGAUCACUCUGGGCAUGGACGAGCUGUACAAG,12.187415967000561
LUCIFERASE,AUGGAGGAUGCCAAGAACAUCAAGAAGGGGCCCGCCCCCUUCUACCCCCUGGAGGAUGGCACCGCCGGGGAGCAGCUGCACAAGGCCAUGAAGAGGUACGCUCUGGUGCCCGGCACCAUCGCCUUCACCGAUGCCCACAUCGAGGUGGACAUCACCUACGCCGAGUACUUCGAGAUGAGCGUGCGCCUGGCCGAGGCCAUGAAGAGGUACGGGCUGAACACCAACCACAGGAUCGUGGUGUGUUCCGAGAACAGCCUGCAGUUCUUCAUGCCCGUGCUGGGCGCACUGUUCAUCGGCGUGGCAGUGGCUCCCGCCAAUGACAUCUACAAUGAGCGGGAGCUGCUGAACAGCAUGGGCAUCAGCCAGCCCACCGUGGUGUUCGUGUCUAAGAAGGGCCUGCAGAAGAUCCUGAAUGUGCAGAAGAAGCUGCCCAUCAUUCAGAAGAUCAUCAUCAUGGACUCUAAGACCGACUACCAGGGCUUCCAGAGCAUGUACACCUUCGUGACCUCCCACCUGCCCCCCGGCUUCAACGAGUACGACUUCGUGCCCGAGAGCUUUGAUCGGGACAAGACCAUCGCCCUGAUCAUGAACAGCUCCGGCUCCACCGGUCUGCCCAAGGGCGUGGCCCUGCCCCACCGCACAGCUUGCGUGCGCUUCUCUCACGCCCGGGAUCCCAUUUUCGGCAACCAGAUCAUCCCCGACACCGCCAUCCUGAGCGUGGUGCCCUUCCACCACGGCUUCGGGAUGUUCACCACCCUGGGGUACCUGAUCUGUGGCUUCAGAGUGGUGCUGAUGUACCGCUUUGAGGAGGAGCUCUUCCUGAGGUCUCUGCAGGAUUACAAGAUCCAGAGUGCUCUGCUGGUGCCCACCCUGUUCAGCUUCUUCGCCAAGAGCACUCUGAUCGACAAGUACGAUCUGAGUAACCUGCACGAGAUCGCCUCAGGAGGAGCUCCUCUGAGCAAGGAGGUGGGGGAGGCCGUGGCCAAGCGGUUCCACCUGCCUGGAAUCCGCCAGGGCUACGGCCUCACCGAGACCACCUCCGCCAUCCUGAUCACACCCGAGGGGGACGACAAGCCCGGAGCCGUGGGGAAGGUGGUGCCAUUCUUCGAGGCCAAGGUGGUGGAUCUGGACACCGGAAAGACCCUGGGCGUGAACCAGCGCGGCGAGCUGUGCGUGCGGGGCCCCAUGAUCAUGUCCGGGUAUGUGAACAACCCAGAGGCCACCAACGCCCUGAUCGACAAGGACGGGUGGCUGCACUCUGGGGACAUCGCAUACUGGGACGAGGACGAGCACUUCUUCAUCGUGGACCGCCUGAAGUCCCUGAUCAAGUACAAGGGAUAUCAGGUGGCUCCAGCCGAGCUGGAGUCUAUCCUGCUCCAGCACCCCAACAUCUUCGACGCCGGGGUGGCUGGCCUCCCCGACGACGACGCCGGGGAGCUGCCAGCCGCCGUGGUGGUGCUGGAGCACGGAAAGACCAUGACCGAGAAGGAGAUCGUGGACUACGUGGCCUCUCAGGUGACCACCGCCAAGAAGCUGAGAGGCGGCGUGGUCUUCGUGGACGAGGUGCCCAAGGGCCUGACCGGGAAGCUGGACGCCCGCAAGAUCAGGGAGAUCCUGAUCAAGGCUAAGAAGGGCGGGAAGAUCGCCGUG,76.54841744799705
LUCIFERASE,AUGGAGGACGCCAAGAACAUCAAGAAGGGGCCCGCCCCCUUCUACCCCCUGGAGGACGGCACCGCCGGCGAGCAGCUGCACAAGGCCAUGAAGCGGUACGCCCUGGUGCCAGGCACCAUCGCCUUCACCGACGCUCACAUCGAGGUGGACAUCACCUACGCCGAGUACUUCGAGAUGAGCGUGCGGCUGGCCGAGGCCAUGAAGCGGUACGGCCUGAACACCAACCACCGCAUCGUGGUGUGCAGCGAGAACUCCCUGCAGUUCUUCAUGCCCGUGCUGGGCGCCCUGUUCAUUGGGGUGGCCGUGGCCCCCGCCAACGACAUCUACAAUGAGCGGGAGCUGCUGAACAGCAUGGGCAUCAGCCAGCCCACCGUGGUGUUCGUGUCCAAGAAGGGGCUGCAGAAGAUCCUGAAUGUGCAGAAGAAGCUGCCCAUCAUUCAGAAGAUCAUCAUCAUGGACUCCAAGACCGACUACCAGGGCUUCCAGUCCAUGUACACCUUCGUGACCUCCCACCUGCCCCCCGGCUUCAACGAGUACGACUUCGUGCCCGAGAGCUUUGAUCGGGACAAGACCAUCGCCCUGAUCAUGAACAGCUCCGGCAGCACCGGCCUGCCCAAGGGCGUGGCCCUGCCUCACCGGACCGCCUGCGUGAGGUUCAGCCACGCCCGGGACCCCAUCUUUGGCAACCAGAUCAUCCCCGACACCGCCAUCCUGAGCGUGGUGCCCUUCCACCACGGCUUCGGGAUGUUCACCACCCUGGGCUACCUGAUCUGCGGGUUCCGCGUGGUGCUGAUGUACAGGUUCGAGGAGGAGCUGUUCCUGCGGAGCCUGCAGGACUACAAGAUCCAGAGCGCCCUGCUGGUGCCCACCCUGUUUUCCUUCUUCGCCAAGUCCACCCUGAUCGACAAGUACGACCUGUCCAACCUGCACGAGAUCGCCAGCGGGGGCGCCCCCCUGAGCAAGGAGGUGGGCGAGGCCGUGGCCAAGCGGUUCCACCUGCCCGGAAUCCGCCAGGGCUACGGCCUGACCGAGACCACCUCCGCCAUCCUGAUCACCCCCGAGGGCGAUGACAAGCCCGGCGCCGUGGGCAAGGUGGUGCCCUUCUUCGAGGCCAAGGUGGUGGACCUGGACACCGGGAAGACACUGGGCGUGAACCAGCGGGGCGAGCUGUGCGUGCGGGGCCCCAUGAUCAUGUCCGGGUACGUGAACAAUCCCGAGGCCACCAACGCCCUGAUCGACAAGGACGGCUGGCUGCACUCCGGCGACAUCGCCUACUGGGAUGAGGACGAGCACUUCUUCAUCGUGGACAGGCUGAAGAGCCUGAUCAAGUACAAGGGCUACCAGGUGGCCCCCGCCGAGCUGGAGAGCAUCCUGCUGCAGCACCCCAACAUCUUCGACGCCGGCGUGGCCGGCCUGCCCGACGAUGACGCCGGAGAGCUGCCAGCCGCCGUGGUGGUGCUGGAGCACGGCAAGACCAUGACCGAGAAGGAGAUCGUGGACUACGUGGCCAGCCAGGUGACCACCGCCAAGAAGCUGCGGGGCGGCGUGGUGUUCGUGGAUGAGGUGCCAAAGGGCCUGACCGGCAAGCUGGAUGCCCGGAAGAUCAGGGAGAUCCUGAUCAAGGCCAAGAAGGGGGGCAAGAUCGCCGUG,82.71891863199926
EGFP,AUGGUGUCCAAGGGCGAGGAGCUCUUCACAGGAGUCGUGCCCAUUCUGGUGGAGCUGGAUGGCGACGUGAACGGGCACAAGUUCUCCGUGAGCGGGGAGGGCGAGGGUGACGCCACGUACGGGAAGCUGACCCUGAAGUUCAUCUGUACUACAGGGAAGCUUCCCGUGCCGUGGCCCACCCUCGUGACCACCCUGACUUACGGAGUGCAGUGCUUCAGUCGCUAUCCAGACCACAUGAAGCAGCACGACUUCUUCAAGAGCGCCAUGCCCGAGGGAUACGUCCAGGAGCGGACCAUCUUCUUUAAGGACGAUGGCAAUUACAAGACCCGGGCCGAGGUGAAGUUCGAGGGCGACACCUUGGUGAACCGGAUCGAGCUGAAGGGCAUCGACUUUAAGGAGGAUGGCAACAUCCUGGGCCACAAGCUGGAGUACAACUACAACAGCCAUAAUGUGUACAUUAUGGCUGACAAGCAGAAGAACGGGAUCAAGGUGAAUUUCAAGAUUCGCCACAACAUCGAGGAUGGGAGUGUUCAGCUGGCAGACCACUACCAGCAGAACACUCCCAUCGGCGAUGGUCCCGUUCUUCUGCCUGACAACCACUACCUGUCCACCCAGAGUGCUCUCAGCAAGGAUCCGAACGAGAAGCGGGACCACAUGGUCCUGCUGGAGUUCGUGACCGCUGCUGGGAUCACUCUGGGCAUGGACGAGUUGUACAAG,12.509535678000248
EGFP,AUGGUGUCCAAGGGAGAGGAGCUGUUCACCGGGGUGGUGCCCAUUCUGGUGGAGCUGGAUGGCGACGUGAACGGGCACAAGUUCUCCGUGAGCGGGGAGGGCGAGGGUGACGCCACGUACGGGAAGCUGACCCUGAAGUUCAUCUGUACUACAGGGAAGCUUCCCGUGCCGUGGCCCACCCUCGUCACUACCCUGACUUACGGAGUGCAGUGCUUCAGUCGCUAUCCAGACCACAUGAAGCAGCACGACUUCUUCAAAUCCGCCAUGCCCGAGGGCUACGUCCAGGAGAGGACCAUCUUCUUCAAGGACGAUGGCAACUACAAGACUCGGGCAGAGGUGAAGUUUGAGGGAGACACCCUGGUGAACAGGAUUGAGUUGAAGGGUAUUGAUUUCAAGGAGGACGGGAACAUCCUCGGCCACAAGCUGGAGUAUAAUUACAACAGCCACAACGUCUAUAUUAUGGCGGAUAAGCAGAAGAAUGGCAUCAAGGUCAACUUCAAGAUCCGCCAUAAUAUAGAGGAUGGGAGUGUUCAGCUGGCAGACCACUACCAGCAGAACACUCCCAUCGGGGAUGGGCCCGUCCUCCUGCCUGACAAUCAUUACCUUUCAACUCAGUCCGCCCUCUCCAAGGACCCCAACGAGAAGCGGGACCACAUGGUCCUGCUGGAGUUCGUCACUGCCGCAGGGAUCACCCUGGGCAUGGACGAGCUCUACAAG,12.33977163000236
LUCIFERASE,AUGGAGGACGCGAAGAACAUCAAGAAGGGGCCGGCGCCAUUCUACCCCCUGGAGGACGGUACUGCCGGGGAGCAGCUGCAUAAGGCUAUGAAGCGUUAUGCGCUGGUCCCCGGCACUAUCGCCUUCACAGAUGCUCACAUCGAGGUGGACAUCACCUACGCUGAGUAUUUCGAGAUGAGCGUGCGCCUGGCAGAGGCCAUGAAGAGGUACGGGCUGAACACUAAUCACCGCAUCGUGGUGUGUAGUGAGAACAGCCUGCAGUUCUUCAUGCCUGUGCUGGGCGCACUGUUCAUCGGGGUGGCAGUGGCGCCGGCCAAUGAUAUCUACAAUGAGAGGGAGCUUCUGAACAGCAUGGGGAUCUCUCAGCCCACCGUGGUCUUCGUGAGCAAGAAGGGGCUGCAGAAGAUCCUCAAUGUGCAGAAGAAGCUCCCUAUCAUUCAGAAGAUCAUUAUCAUGGACUCGAAGACCGACUACCAGGGCUUCCAGUCCAUGUACACCUUCGUGACCUCCCACUUGCCCCCCGGCUUUAAUGAGUAUGACUUCGUGCCGGAGAGUUUUGAUCGGGACAAGACCAUUGCCCUGAUCAUGAACUCCUCCGGCUCGACAGGGCUGCCCAAGGGGGUGGCCCUGCCUCACCGGACUGCGUGCGUCCGGUUCAGUCACGCCCGGGACCCCAUCUUCGGAAACCAGAUCAUCCCGGACACAGCCAUCCUGUCGGUGGUGCCGUUCCACCAUGGCUUCGGGAUGUUCACGACCCUGGGCUACCUGAUCUGUGGGUUCCGCGUGGUCCUGAUGUACAGGUUCGAGGAGGAGCUGUUCCUCCGGAGCCUGCAGGACUACAAGAUACAGAGCGCCCUGCUGGUUCCCACCCUGUUUUCCUUCUUUGCCAAGUCCACCCUGAUCGACAAGUACGACUUGUCGAACCUGCACGAGAUCGCCUCAGGAGGGGCACCACUUUCCAAGGAGGUCGGUGAGGCCGUGGCCAAGCGGUUCCACCUGCCGGGGAUCCGCCAGGGCUACGGCCUCACCGAGACCACGAGCGCCAUCCUUAUCACCCCCGAGGGGGAUGAUAAGCCUGGCGCCGUGGGGAAGGUGGUGCCCUUCUUCGAGGCGAAGGUGGUGGACUUGGACACAGGGAAGACACUGGGUGUGAACCAGCGGGGCGAGCUGUGUGUGCGGGGCCCAAUGAUCAUGUCCGGGUACGUGAACAAUCCCGAGGCCACGAACGCACUCAUCGACAAGGAUGGCUGGCUUCAUAGCGGUGACAUCGCCUACUGGGACGAGGACGAGCACUUCUUCAUCGUGGACCGCCUGAAGUCCCUUAUUAAGUAUAAGGGAUAUCAGGUGGCUCCAGCCGAGCUGGAGUCUAUCCUGCUCCAGCACCCCAACAUCUUCGACGCCGGGGUGGCCGGCCUCCCCGACGACGACGCCGGGGAGCUGCCGGCCGCCGUGGUGGUGCUGGAGCACGGAAAGACCAUGACGGAGAAGGAGAUCGUCGACUACGUCGCCAGUCAGGUGACCACCGCUAAGAAGCUCCGGGGUGGUGUGGUUUUCGUGGAUGAGGUCCCCAAGGGCCUGACUGGCAAGCUGGACGCACGCAAGAUCCGGGAGAUACUCAUUAAGGCCAAGAAGGGGGGCAAGAUCGCCGUG,79.93833926000298
LUCIFERASE,AUGGAGGAUGCCAAGAACAUCAAGAAGGGGCCCGCCCCCUUCUACCCCCUGGAGGAUGGCACCGCCGGGGAGCAGCUGCACAAGGCCAUGAAGAGGUACGCUCUGGUGCCCGGCACCAUCGCCUUCACCGAUGCCCACAUCGAGGUGGACAUCACCUACGCCGAGUACUUCGAGAUGAGCGUGCGCCUGGCCGAGGCCAUGAAGAGGUACGGGCUGAACACCAACCACAGGAUCGUGGUGUGUUCCGAGAACAGCCUGCAGUUCUUCAUGCCCGUGCUGGGCGCACUGUUCAUCGGCGUGGCAGUGGCUCCCGCCAAUGACAUCUACAAUGAGCGGGAGCUGCUGAACAGCAUGGGCAUCAGCCAGCCCACCGUGGUGUUCGUGUCUAAGAAGGGCCUGCAGAAGAUCCUGAAUGUGCAGAAGAAGCUGCCCAUCAUUCAGAAGAUCAUCAUCAUGGACUCUAAGACCGACUACCAGGGCUUCCAGAGCAUGUACACCUUCGUGACCUCCCACCUGCCCCCCGGCUUCAACGAGUACGACUUCGUGCCCGAGAGCUUUGAUCGGGACAAGACCAUCGCCCUGAUCAUGAACUCUUCCGGGUCCACCGGCCUGCCCAAGGGCGUGGCCCUGCCUCACCGGACCGCCUGCGUGAGGUUCAGCCACGCCCGGGACCCCAUCUUUGGCAACCAGAUCAUCCCAGACACCGCCAUCCUGAGCGUGGUGCCCUUCCACCACGGCUUCGGGAUGUUCACCACCCUGGGCUACCUGAUCUGCGGGUUCCGCGUGGUCCUGAUGUACAGGUUCGAGGAGGAGCUGUUCCUCCGGAGCCUGCAGGACUACAAGAUCCAGAGCGCCCUGCUGGUGCCCACCCUGUUUUCCUUCUUCGCCAAGUCCACCCUGAUCGACAAGUACGAUCUGAGCAAUCUGCACGAGAUUGCCUCAGGGGGCGCCCCCCUGAGCAAGGAGGUGGGCGAGGCCGUGGCCAAGCGGUUCCACCUGCCCGGAAUCCGCCAGGGCUACGGCCUGACCGAGACCACCUCCGCCAUCCUGAUCACCCCCGAGGGCGACGACAAGCCCGGGGCCGUGGGCAAGGUGGUGCCUUUCUUCGAGGCCAAGGUGGUGGACCUGGACACCGGGAAGACACUGGGCGUGAACCAGCGGGGCGAGCUGUGCGUGCGGGGCCCCAUGAUCAUGUCCGGGUACGUGAACAAUCCCGAGGCCACCAACGCCCUGAUCGACAAGGAUGGCUGGCUGCAUAGCGGGGACAUCGCCUACUGGGAUGAGGAUGAGCACUUCUUCAUCGUGGAUAGGCUGAAGUCCCUGAUCAAGUACAAGGGCUACCAGGUGGCCCCCGCCGAGCUGGAGUCCAUCCUGCUCCAGCACCCCAACAUCUUCGACGCCGGCGUGGCCGGGCUCCCCGACGACGACGCCGGGGAGCUGCCCGCCGCCGUGGUGGUGCUGGAGCACGGAAAGACCAUGACCGAGAAGGAGAUCGUGGACUAUGUGGCCAGCCAGGUGACCACCGCCAAGAAGCUGCGGGGCGGCGUGGUGUUUGUGGAUGAGGUGCCAAAGGGCCUGACCGGCAAGCUGGACGCCCGGAAGAUCAGGGAGAUCCUGAUCAAGGCUAAGAAGGGCGGGAAGAUCGCCGUG,77.29142289499941
LUCIFERASE,AUGGAGGACGCCAAGAACAUCAAGAAGGGGCCCGCCCCCUUCUACCCCCUGGAGGACGGCACCGCCGGCGAGCAGCUGCACAAGGCCAUGAAGCGGUACGCCCUGGUGCCAGGCACCAUCGCCUUCACCGACGCUCACAUCGAGGUGGACAUCACCUACGCCGAGUACUUCGAGAUGAGCGUGCGGCUGGCCGAGGCCAUGAAGCGGUACGGCCUGAACACCAACCACCGCAUCGUGGUGUGCAGCGAGAACAGCCUGCAGUUCUUCAUGCCCGUGCUGGGCGCCCUGUUCAUUGGGGUGGCCGUGGCCCCCGCCAACGACAUCUACAAUGAGCGGGAGCUGCUGAACAGCAUGGGCAUCAGCCAGCCCACCGUGGUGUUCGUGUCCAAGAAGGGGCUGCAGAAGAUCCUGAAUGUGCAGAAGAAGCUGCCCAUCAUUCAGAAGAUCAUCAUCAUGGACUCCAAGACCGACUACCAGGGCUUCCAGUCCAUGUACACCUUCGUGACCUCCCACCUGCCCCCCGGCUUCAACGAGUACGACUUCGUGCCCGAGAGCUUUGAUCGGGACAAGACCAUCGCCCUGAUCAUGAACAGCUCCGGCAGCACCGGCCUGCCCAAGGGCGUGGCCCUGCCUCACCGGACCGCCUGCGUGAGGUUCAGCCACGCCCGGGACCCCAUCUUUGGCAACCAGAUCAUCCCCGACACCGCCAUCCUGAGCGUGGUGCCCUUCCACCACGGCUUCGGGAUGUUCACCACCCUGGGCUACCUGAUCUGCGGGUUCCGCGUGGUGCUGAUGUACAGGUUCGAGGAGGAGCUGUUCCUGCGGAGCCUGCAGGACUACAAGAUCCAGAGCGCCCUGCUGGUGCCCACCCUGUUUUCCUUCUUCGCCAAGUCCACCCUGAUCGACAAGUACGACCUGUCCAACCUGCACGAGAUCGCCAGCGGGGGCGCCCCCCUGAGCAAGGAGGUGGGCGAGGCCGUGGCCAAGCGGUUCCACCUGCCCGGAAUCCGCCAGGGCUACGGCCUGACCGAGACCACCUCCGCCAUCCUGAUCACCCCCGAGGGCGAUGACAAGCCCGGCGCCGUGGGCAAGGUGGUGCCCUUCUUCGAGGCCAAGGUGGUGGACCUGGACACCGGGAAGACCCUGGGCGUGAACCAGCGGGGCGAGCUGUGCGUGCGGGGCCCCAUGAUCAUGUCCGGGUACGUGAACAAUCCCGAGGCCACCAACGCCCUGAUCGACAAGGACGGCUGGCUGCACUCCGGCGACAUCGCCUACUGGGAUGAGGACGAGCACUUCUUCAUCGUGGACAGGCUGAAGAGCCUGAUCAAGUACAAGGGCUACCAGGUGGCCCCCGCCGAGCUGGAGAGCAUCCUGCUGCAGCACCCCAACAUCUUCGACGCCGGCGUGGCCGGCCUGCCCGACGAUGACGCCGGAGAGCUGCCAGCCGCCGUGGUGGUGCUGGAGCACGGCAAGACCAUGACCGAGAAGGAGAUCGUGGACUACGUGGCCAGCCAGGUGACCACCGCCAAGAAGCUGCGGGGCGGCGUGGUGUUCGUGGAUGAGGUGCCAAAGGGCCUGACCGGCAAGCUGGAUGCCCGGAAGAUCAGGGAGAUCCUGAUCAAGGCCAAGAAGGGGGGCAAGAUCGCCGUG,80.0217192300006
EGFP,AUGGUGUCCAAGGGCGAGGAGCUCUUCACAGGAGUCGUGCCCAUUCUGGUGGAGCUGGAUGGCGACGUGAACGGGCACAAGUUCUCCGUGAGCGGGGAGGGCGAGGGUGACGCCACGUACGGGAAGCUGACCCUGAAGUUCAUCUGUACUACAGGGAAGCUUCCCGUGCCGUGGCCCACCCUCGUGACCACCCUGACUUACGGAGUGCAGUGCUUCAGUCGCUAUCCAGACCACAUGAAGCAGCACGACUUCUUCAAGAGCGCCAUGCCCGAGGGAUACGUCCAGGAGCGGACCAUCUUCUUUAAGGACGAUGGCAAUUACAAGACCCGGGCCGAGGUGAAGUUCGAGGGCGACACCUUGGUGAACCGGAUCGAGCUGAAGGGCAUCGACUUUAAGGAGGAUGGCAACAUCCUGGGCCACAAGCUGGAGUACAACUACAACAGCCAUAAUGUGUACAUUAUGGCUGACAAGCAGAAGAACGGGAUCAAGGUGAAUUUCAAGAUUCGCCACAACAUCGAGGAUGGGAGUGUUCAGCUGGCAGACCACUACCAGCAGAACACUCCCAUCGGCGAUGGUCCCGUUCUUCUGCCUGACAACCACUACCUGUCCACCCAGAGUGCUCUCAGCAAGGAUCCAAACGAGAAGCGGGACCACAUGGUCCUGCUGGAGUUUGUGACCGCUGCUGGGAUCACUCUGGGCAUGGACGAGUUGUACAAG,12.71740784999929
EGFP,AUGGUGAGCAAGGGCGAGGAGCUGUUCACCGGCGUGGUGCCCAUCCUGGUGGAGCUGGACGGCGACGUGAACGGCCACAAGUUCAGCGUGUCCGGGGAGGGCGAGGGCGACGCCACCUACGGCAAGCUGACCCUGAAGUUCAUCUGCACCACAGGGAAGCUGCCCGUGCCCUGGCCCACCCUGGUGACCACCCUGACCUACGGGGUGCAGUGCUUCAGCCGGUACCCCGACCACAUGAAGCAGCACGACUUCUUCAAGAGCGCCAUGCCCGAGGGCUACGUGCAGGAGCGGACCAUCUUCUUUAAGGACGAUGGCAACUACAAGACCCGGGCCGAGGUGAAGUUCGAGGGCGACACCCUGGUGAACCGGAUCGAGCUGAAGGGCAUCGACUUUAAGGAGGAUGGCAACAUCCUGGGCCACAAGCUGGAGUACAACUACAACAGCCACAACGUGUACAUCAUGGCCGACAAGCAGAAGAACGGCAUCAAGGUGAACUUCAAGAUCAGGCACAACAUCGAGGACGGCAGCGUGCAGCUGGCCGACCACUACCAGCAGAACACCCCCAUCGGCGACGGCCCCGUGCUGCUGCCCGACAACCACUACCUGAGCACCCAGUCCGCCCUGAGCAAGGACCCUAACGAGAAGCGGGACCACAUGGUGCUGCUGGAGUUCGUGACCGCCGCCGGCAUCACCCUGGGCAUGGACGAGCUGUACAAG,13.08394813400082
SARSCOV2_SPIKE,AUGUUUGUGUUCCUGGUGCUGCUGCCCCUGGUGAGCAGUCAGUGUGUGAACCUGACCACCAGGACGCAGCUGCCACCAGCCUACACAAACAGCUUCACCCGCGGGGUGUACUACCCCGACAAGGUGUUCAGGUCCAGCGUGCUGCACAGCACGCAGGACCUGUUCCUGCCUUUCUUCAGCAACGUGACCUGGUUCCACGCCAUCCACGUGAGCGGCACCAACGGGACCAAGCGGUUCGACAACCCCGUGCUGCCGUUCAACGAUGGCGUGUACUUCGCCAGCACAGAGAAGUCCAACAUCAUCAGGGGCUGGAUCUUUGGGACCACCCUGGACUCAAAGACCCAGUCCCUGCUGAUCGUGAACAACGCCACCAACGUGGUGAUCAAGGUCUGCGAGUUCCAGUUCUGUAAUGACCCCUUCCUGGGGGUCUAUUACCACAAGAACAACAAGAGCUGGAUGGAGUCCGAGUUCCGGGUGUACUCAAGCGCCAACAAUUGUACCUUCGAGUACGUGUCCCAGCCCUUCUUGAUGGAUCUGGAGGGCAAGCAGGGGAACUUCAAGAACCUGAGGGAGUUCGUGUUCAAGAACAUUGAUGGGUACUUCAAGAUCUACUCCAAGCACACACCCAUCAAUCUUGUGCGCGACCUCCCUCAGGGCUUCAGCGCUCUGGAGCCUCUGGUGGACCUGCCCAUCGGCAUCAACAUCACGAGGUUCCAGACGCUGCUGGCCCUCCACCGCUCUUACCUGACCCCAGGCGACUCCUCAUCUGGGUGGACGGCCGGGGCUGCAGCCUACUACGUGGGCUACCUGCAGCCCCGGACAUUCCUGCUGAAGUACAACGAGAAUGGCACUAUUACAGACGCUGUGGACUGCGCACUGGAUCCUCUGUCCGAGACCAAGUGUACACUGAAGAGCUUCACCGUGGAGAAGGGGAUCUACCAGACCUCCAACUUCAGGGUGCAGCCAACCGAGAGCAUUGUGCGCUUCCCCAAUAUCACAAACCUGUGCCCCUUUGGGGAGGUGUUCAAUGCUACUCGGUUCGCUUCAGUGUACGCUUGGAAUCGGAAGAGGAUCUCCAACUGUGUGGCAGACUACAGCGUGCUGUACAAUAGUGCCAGCUUCAGCACCUUCAAGUGCUACGGAGUGUCCCCCACAAAGCUGAACGAUCUGUGUUUCACCAACGUGUACGCAGACAGCUUUGUGAUCAGGGGGGACGAGGUGAGACAGAUUGCCCCUGGGCAGACUGGAAAGAUCGCCGAUUACAACUACAAGCUGCCAGAUGACUUCACCGGGUGUGUGAUUGCUUGGAAUAGCAAUAACCUGGACAGCAAGGUGGGCGGCAAUUACAACUACCUGUACAGACUGUUCCGGAAGAGCAAUCUGAAGCCCUUCGAGCGCGACAUUAGCACGGAGAUCUACCAGGCCGGUAGCACUCCGUGCAAUGGCGUGGAGGGCUUCAAUUGCUACUUCCCCCUGCAGUCUUACGGGUUUCAGCCCACCAACGGGGUGGGGUACCAGCCCUACCGCGUGGUGGUGCUGAGCUUCGAGCUCCUGCACGCCCCUGCUACCGUGUGCGGCCCAAAGAAGUCCACAAACUUGGUGAAGAACAAGUGUGUGAACUUCAACUUCAAUGGGCUGACCGGUACAGGGGUGCUGACAGAGAGCAACAAGAAGUUCCUGCCCUUCCAGCAGUUUGGGCGGGACAUUGCCGACACCACCGAUGCUGUCCGGGACCCUCAGACCCUGGAGAUUCUGGACAUCACACCCUGCAGCUUUGGGGGGGUGUCUGUGAUCACACCUGGGACAAACACCUCCAACCAGGUGGCGGUGCUGUAUCAGGACGUGAAUUGCACAGAGGUGCCUGUGGCAAUUCACGCCGAUCAGCUGACCCCCACCUGGCGGGUGUACUCCACAGGGUCUAAUGUGUUCCAGACACGGGCAGGAUGUCUGAUUGGCGCAGAGCAUGUGAACAAUUCGUACGAGUGCGAUAUCCCCAUUGGGGCUGGGAUCUGUGCCUCCUACCAGACACAGACCAACAGCCCCAGGAGGGCCCGGAGCGUGGCCUCCCAGAGCAUCAUCGCCUACACGAUGAGCCUGGGGGCCGAGAACUCCGUGGCCUACUCCAACAACAGUAUCGCCAUUCCUACGAAUUUCACAAUCUCUGUGACCACAGAGAUCCUGCCCGUGUCUAUGACCAAGACCUCUGUGGACUGCACCAUGUACAUCUGCGGCGAUUCCACUGAGUGCUCUAAUCUGCUGCUGCAGUACGGCAGUUUCUGCACGCAGCUGAAUAGAGCACUCACUGGAAUCGCCGUGGAGCAGGACAAGAACACCCAGGAGGUGUUUGCCCAGGUGAAGCAGAUCUACAAGACCCCCCCCAUCAAGGAUUUCGGCGGGUUCAACUUCAGCCAGAUCCUGCCAGAUCCUUCCAAGCCCAGCAAGCGGAGCUUCAUUGAGGACCUGCUGUUCAACAAGGUGACCCUGGCCGACGCCGGGUUCAUCAAGCAGUACGGCGACUGUCUGGGUGACAUCGCUGCCAGGGACCUGAUCUGCGCCCAGAAGUUCAACGGGCUGACAGUGCUGCCCCCGCUGCUGACCGACGAGAUGAUCGCCCAGUACACCAGCGCCCUGCUGGCUGGGACGAUCACCUCUGGUUGGACCUUCGGCGCGGGGGCAGCACUGCAGAUCCCCUUCGCCAUGCAGAUGGCCUACAGGUUCAAUGGCAUCGGUGUCACCCAGAAUGUGCUGUACGAGAAUCAGAAGCUGAUCGCCAACCAGUUCAACAGCGCGAUCGGCAAGAUUCAGGACAGCCUGUCCUCAACAGCCUCCGCCCUGGGCAAGCUGCAGGAUGUGGUGAACCAGAAUGCCCAGGCUCUGAACACCCUGGUGAAGCAGCUGAGCAGCAACUUCGGCGCCAUUUCCAGUGUGCUCAACGACAUUCUGUCUCGCCUCGACCCCCCUGAGGCAGAGGUGCAGAUCGAUCGGCUGAUCACCGGACGGCUGCAGAGUCUGCAGACCUAUGUGACUCAGCAGCUGAUCCGGGCAGCCGAGAUCCGCGCCUCUGCCAACCUGGCCGCCACCAAGAUGAGCGAGUGCGUCCUGGGGCAGAGUAAGAGGGUGGACUUCUGUGGGAAGGGCUAUCACCUGAUGUCCUUCCCACAGAGCGCCCCCCACGGGGUGGUCUUCCUGCACGUGACAUAUGUGCCGGCGCAGGAGAAGAACUUCACCACUGCGCCGGCCAUAUGUCACGACGGGAAGGCCCACUUCCCCCGUGAGGGGGUGUUUGUGUCCAAUGGGACACACUGGUUCGUGACACAGCGGAACUUUUACGAGCCCCAGAUCAUCACCACAGACAACACUUUCGUGAGUGGCAACUGUGACGUGGUGAUCGGGAUCGUGAAUAACACUGUGUACGAUCCCCUGCAGCCCGAGCUGGACUCCUUCAAGGAGGAGCUGGACAAGUACUUCAAGAAUCAUACUUCCCCAGACGUGGAUCUGGGUGACAUCAGCGGCAUCAAUGCCAGCGUGGUGAACAUCCAGAAGGAGAUCGACAGGCUCAAUGAGGUGGCCAAGAACCUCAACGAGAGCCUGAUCGAUCUCCAGGAGCUGGGGAAGUAUGAGCAGUACAUCAAGUGGCCUUGGUACAUCUGGCUGGGCUUCAUCGCAGGCCUGAUCGCCAUCGUGAUGGUGACCAUCAUGCUGUGCUGCAUGACCAGCUGCUGCAGCUGCCUGAAGGGCUGCUGCAGCUGCGGGUCAUGCUGCAAGUUUGAUGAGGACGACUCUGAGCCCGUGCUGAAGGGGGUGAAGCUGCACUACACC,816.2295860009981
SARSCOV2_SPIKE,AUGUUCGUGUUUCUUGUCCUCCUUCCACUGGUUUCGAGUCAGUGCGUCAAUCUUACAACACGAACCCAGCUGCCGCCAGCCUACACGAACUCCUUCACGCGGGGAGUGUACUACCCCGACAAGGUGUUCCGCUCGUCUGUUCUGCACAGCACGCAGGACCUCUUCCUCCCGUUCUUCUCGAACGUGACAUGGUUCCAUGCCAUUCACGUUUCGGGAACGAACGGGACGAAGAGGUUCGACAACCCUGUUCUGCCGUUCAACGACGGGGUGUACUUCGCUUCGACAGAGAAGUCCAACAUUAUUCGCGGAUGGAUAUUCGGAACCACUCUCGAUUCCAAGACUCAGUCCUUGUUGAUAGUGAACAACGCCACGAACGUGGUCAUUAAGGUCUGUGAGUUUCAGUUCUGUAAUGACCCGUUCCUGGGUGUUUACUAUCACAAGAACAACAAGUCUUGGAUGGAGAGUGAGUUCCGAGUGUAUUCAUCCGCGAAUAACUGUACCUUCGAGUAUGUCAGUCAGCCGUUCCUGAUGGAUCUUGAAGGCAAGCAGGGCAAUUUCAAGAAUUUGCGCGAGUUUGUCUUCAAGAACAUCGACGGCUACUUCAAGAUAUACUCGAAGCACACGCCAAUCAACCUCGUCCGUGAUCUCCCGCAGGGCUUCAGCGCUCUGGAGCCGCUGGUGGACUUGCCGAUAGGCAUCAACAUCACGCGGUUCCAGACGCUGCUGGCCCUGCACAGGAGUUACCUGACGCCAGGUGACUCCUCGUCCGGGUGGACUGCAGGUGCCGCCGCGUACUACGUGGGGUACCUGCAGCCCCGGACGUUCUUGUUGAAGUACAACGAGAACGGGACGAUCACGGACGCGGUUGAUUGCGCGUUGGACCCUCUGUCGGAGACGAAGUGCACCCUGAAGUCGUUUACGGUAGAAAAGGGGAUCUAUCAGACCUCCAACUUCCGGGUCCAGCCGACUGAGAGUAUCGUUCGGUUCCCGAACAUCACGAACCUGUGUCCGUUCGGAGAGGUCUUCAACGCGACCAGGUUCGCCUCCGUGUACGCUUGGAACAGGAAGAGGAUCUCGAAUUGUGUAGCAGACUACAGUGUGCUAUACAAUUCGGCGUCCUUUUCCACUUUCAAGUGUUACGGAGUGUCGCCCACGAAGUUGAACGACCUCUGCUUCACCAACGUGUAUGCGGAUUCCUUCGUCAUCCGUGGUGACGAAGUGCGUCAGAUUGCUCCGGGACAGACGGGUAAGAUAGCGGACUACAAUUAUAAGUUGCCCGACGACUUUACUGGCUGCGUUAUUGCUUGGAAUAGCAAUAACUUAGACAGUAAAGUCGGGGGCAACUAUAACUAUCUUUACCGUCUGUUCCGGAAGAGCAAUCUGAAGCCCUUCGAGCGCGAUAUCUCGACCGAAAUCUACCAGGCAGGCUCCACCCCGUGCAACGGGGUGGAGGGCUUCAAUUGUUACUUUCCGUUGCAGAGCUACGGAUUUCAGCCCACCAACGGGGUAGGGUACCAGCCCUACCGCGUGGUGGUGCUGAGUUUCGAGCUUCUGCACGCCCCCGCGACUGUCUGUGGGCCCAAGAAGUCGACGAACUUGGUGAAGAACAAGUGCGUCAACUUCAACUUCAAUGGGCUCACAGGCACGGGGGUGUUGACGGAGAGUAACAAGAAGUUCCUGCCUUUCCAGCAGUUCGGUCGAGAUAUCGCGGACACCACGGAUGCCGUAAGGGAUCCGCAGACGCUUGAGAUUCUGGACAUCACGCCCUGCAGCUUCGGGGGCGUCAGUGUAAUCACGCCUGGUACAAACACCAGCAACCAGGUUGCGGUGUUGUACCAGGACGUGAAUUGCACUGAGGUCCCCGUAGCGAUCCACGCGGAUCAGCUAACCCCAACGUGGAGGGUGUACUCGACAGGGAGUAAUGUCUUCCAGACUCGCGCUGGUUGUCUGAUUGGCGCUGAGCAUGUGAACAACUCGUACGAGUGUGACAUCCCCAUUGGAGCGGGGAUCUGCGCGUCGUACCAGACCCAGACGAACAGCCCGAGGCGUGCCCGCUCAGUAGCGUCGCAGUCGAUCAUCGCGUACACGAUGAGCUUGGGGGCGGAGAACAGUGUAGCCUAUUCGAACAACAGCAUUGCUAUCCCCACAAAUUUUACAAUUAGUGUAACCACCGAGAUCUUGCCGGUCUCGAUGACCAAGACCUCGGUGGAUUGCACUAUGUAUAUUUGUGGGGAUAGCACUGAGUGUUCUAACCUCCUGCUCCAGUACGGCAGUUUCUGUACGCAGCUCAACCGAGCGCUUACAGGAAUUGCCGUGGAGCAGGACAAGAACACUCAGGAGGUGUUUGCGCAGGUCAAGCAGAUCUACAAGACACCUCCGAUCAAGGACUUUGGCGGCUUUAACUUCUCCCAGAUACUCCCCGACCCCAGCAAGCCCAGCAAGCGUAGCUUUAUUGAAGAUCUGCUCUUCAAUAAAGUUACGCUUGCUGAUGCUGGGUUCAUCAAGCAGUACGGGGACUGUCUGGGAGAUAUAGCCGCCAGAGACUUGAUCUGUGCUCAGAAGUUCAAUGGGCUCACUGUUCUCCCCCCCUUGCUCACGGACGAGAUGAUCGCGCAGUACACUUCGGCGCUGCUGGCGGGCACGAUCACCUCGGGCUGGACGUUUGGGGCUGGUGCGGCGCUGCAGAUCCCGUUCGCCAUGCAGAUGGCGUACCGCUUCAAUGGGAUCGGUGUCACACAGAACGUGUUGUACGAGAAUCAGAAGCUCAUCGCCAAUCAGUUCAACAGCGCGAUCGGGAAGAUACAGGACUCCCUGUCGAGUACAGCCUCCGCGUUGGGGAAGCUGCAGGACGUGGUGAACCAGAAUGCUCAAGCGUUGAACACGUUGGUGAAGCAGUUGUCGUCCAACUUCGGGGCGAUAAGUUCGGUGCUGAACGAUAUUCUCAGUCGGCUGGACCCGCCGGAGGCGGAGGUCCAGAUAGAUCGGCUCAUCACUGGUCGCCUCCAGAGUUUGCAGACGUACGUAACUCAGCAGCUCAUCCGAGCUGCUGAGAUACGUGCGUCUGCAAACCUGGCGGCGACCAAGAUGAGCGAGUGCGUGCUGGGGCAGAGCAAGCGAGUGGACUUCUGCGGGAAGGGCUAUCACCUGAUGUCCUUCCCGCAGAGCGCACCUCACGGGGUAGUCUUCCUGCACGUGACAUAUGUGCCGGCGCAGGAGAAGAACUUCACGACUGCGCCGGCCAUAUGUCACGACGGGAAGGCGCACUUCCCGCGUGAAGGAGUGUUCGUGUCAAACGGGACGCAUUGGUUCGUCACGCAGCGCAACUUCUAUGAGCCCCAGAUAAUUACCACUGACAAUACCUUUGUCAGUGGUAACUGCGACGUGGUCAUAGGCAUUGUGAACAACACUGUCUAUGACCCGUUGCAGCCCGAGCUAGAUAGUUUCAAGGAGGAGCUUGAUAAGUACUUCAAGAAUCAUACUUCCCCAGAUGUGGAUCUUGGCGACAUUAGCGGGAUCAACGCUAGUGUCGUCAACAUCCAGAAGGAGAUCGACAGGCUCAAUGAGGUUGCGAAGAACCUCAACGAGAGCCUGAUCGAUCUCCAGGAGCUGGGGAAGUAUGAGCAGUACAUCAAGUGGCCUUGGUACAUCUGGCUCGGGUUUAUCGCGGGGCUCAUAGCGAUCGUCAUGGUGACGAUCAUGUUGUGCUGCAUGACGAGCUGUUGCUCCUGUUUGAAGGGCUGCUGCAGCUGCGGUUCGUGUUGUAAGUUUGACGAGGAUGACUCGGAGCCAGUGCUGAAGGGGGUCAAGUUACACUACACG,871.5285455409976
